T [ms],AccX [mg],AccY [mg],AccZ [mg],GyroX [mdps],GyroY [mdps],GyroZ [mdps]
1668, -38, 975, 261, 181440, 25970, -98490
1688, -112, 824, 90, 138460, -2660, -85890
1708, -159, 882, 0, 115920, -22960, -80220
1728, -217, 972, -10, 107240, -27440, -91070
1748, -243, 975, -34, 106400, -15680, -113540
1768, -220, 965, -22, 114030, -8330, -121520
1788, -231, 893, -28, 107170, -11760, -110880
1808, -250, 891, -34, 87220, -19460, -81900
1828, -228, 1019, 80, 61600, -36050, -45710
1848, -228, 953, 86, 46690, -46970, -25340
1868, -274, 919, -19, 55720, -48930, -36750
1888, -334, 879, -124, 61670, -68040, -41930
1908, -415, 857, -192, 56560, -85120, -33950
1928, -480, 844, -229, 43190, -96180, -22120
1948, -437, 870, -177, 34930, -96530, -14490
1968, -475, 806, -255, 35280, -84490, -23170
1988, -561, 859, -274, 38990, -73430, -36610
2008, -592, 829, -338, 22120, -82880, -31430
2028, -497, 874, -297, 13860, -77560, -19950
2048, -469, 794, -312, 5530, -72940, 1120
2068, -514, 763, -325, 8190, -53340, -5040
2088, -527, 757, -375, -14000, -51240, -5460
2108, -539, 774, -345, -25900, -42700, -910
2128, -388, 888, -217, -35560, -32480, -2870
2148, -433, 847, -142, -41860, -20580, -10150
2168, -416, 918, -125, -36680, -18830, -19390
2188, -447, 1000, -63, -42350, -22330, -10920
2208, -456, 923, -64, -38290, -11410, -11900
2228, -354, 987, 33, -34440, -17010, -9800
2248, -431, 928, 16, -31640, -17780, -14770
2268, -512, 894, -43, -28630, -27860, -20790
2288, -516, 857, -56, -28700, -31080, -18410
2308, -503, 849, -71, -34230, -29120, -12390
2328, -491, 802, -59, -45360, -31290, -6440
2348, -543, 809, -21, -53060, -22050, -11830
2368, -443, 994, 138, -59570, -14140, -12390
2388, -472, 975, 184, -55370, -4340, -19180
2408, -436, 954, 168, -40530, 910, -33810
2428, -521, 882, 93, -34300, -5110, -35350
2448, -578, 820, 26, -34930, -8260, -35210
2468, -610, 726, -15, -40250, -6510, -41090
2488, -616, 665, -7, -48650, 6300, -49000
2508, -611, 637, -24, -58450, 20090, -52220
2528, -638, 675, 21, -66220, 24080, -34580
2548, -713, 738, 117, -82810, 34090, -8890
2568, -618, 874, 323, -91350, 50120, 12390
2588, -469, 931, 387, -56000, 41790, 28140
2608, -480, 872, 267, -14490, 54460, -42000
2628, -562, 808, 202, -8400, 70000, -90580
2648, -608, 728, 185, -5950, 72870, -81200
2668, -727, 744, 220, -5040, 76930, -72380
2688, -654, 772, 205, -3080, 66780, -61390
2708, -705, 775, 202, -11550, 54460, -69860
2728, -763, 665, 152, -13580, 62230, -82250
2748, -820, 803, 192, -20090, 68040, -79870
2768, -725, 779, 235, -24080, 73570, -98980
2788, -667, 730, 224, -16730, 62160, -110670
2808, -712, 773, 154, -12460, 45360, -103250
2828, -787, 537, 111, -8120, 42560, -71260
2848, -878, 825, 36, 11340, 52920, -43330
2868, -733, 668, 77, 33880, 47390, -17080
2888, -776, 552, 49, 55300, 63210, -38710
2908, -906, 626, -76, 68740, 78890, -66220
2928, -863, 588, 67, 61600, 90790, -33530
2948, -695, 584, 56, 90090, 129430, -65170
2968, -753, 359, -149, 134330, 151270, -122850
2988, -992, 314, -285, 128800, 143780, -56910
3008, -1040, 446, -430, 93870, 116200, 28700
3028, -861, 289, -381, 76160, 90020, 36330
3048, -835, 317, -437, 105350, 91350, -51380
3068, -904, 237, -435, 113820, 77350, -91280
3088, -895, 182, -452, 123620, 79590, -118230
3108, -791, -35, -428, 120330, 74690, -157080
3128, -761, -121, -494, 95270, 64470, -173950
3148, -716, -51, -519, 94500, 65730, -195510
3168, -472, 54, -405, 85820, 61110, -208600
3188, -644, -107, -411, 102690, 118090, -202790
3208, -699, -259, -979, 121170, 221340, -153300
3228, -538, -202, -1062, 151830, 309960, -86030
3248, -525, -312, -1071, 159180, 591990, 18270
3268, 437, -52, -764, 69790, 1000650, 59850
3288, -167, -472, -948, 240590, 369250, 69720
3308, -95, 102, -923, 106260, -22260, 15820
3328, -179, -54, -548, 20160, -22260, -127330
3348, -171, 99, -255, 170730, -42630, -143500
3368, -389, -675, -790, 268450, -109760, -66500
3388, -434, -420, -1084, 80570, -171920, -3430
3408, -485, -199, -998, 30730, -168770, -43610
3428, -461, -358, -941, 68670, -112770, -5600
3448, -537, -671, -615, 172060, -41370, 50330
3468, -320, -693, -795, 230090, 41090, 137550
3488, -343, -715, -739, 178290, -51730, 196490
3508, -428, -692, -454, 127540, -26250, 202300
3528, -378, -584, -298, 59010, 7280, 176680
3548, -450, -852, -339, -42070, -32200, 99400
3568, -440, -1003, -482, -67550, -99540, 9170
3588, -590, -857, -539, -17500, -163380, -30100
3608, -439, 45, -868, 93450, -169890, -67130
3628, -444, -756, -850, 143920, -185080, -176400
3648, -584, -1146, -505, 69720, -189560, -165270
3668, -611, -879, -458, 47880, -85610, -78820
3688, -629, -810, -233, 39760, -45080, -4620
3708, -617, -1078, -199, -59920, 6440, -28700
3728, -622, -1117, -436, -75040, -17500, -101080
3748, -117, -539, -401, -28560, -39060, -150570
3768, -535, -1032, -155, 21840, 46760, -103180
3788, -408, -763, -330, 34930, 152040, 12250
3808, -320, -961, -726, 21910, 3010, 82740
3828, -502, -496, -173, 30380, 49560, 59010
3848, -330, -712, -275, -51170, 30590, 29540
3868, -392, -739, -215, -77560, 53900, 12530
3888, -279, -604, -195, 9100, 49420, 29960
3908, -267, -606, -452, 38150, 16940, 20720
3928, -458, -1010, -457, 169610, -40460, 78120
3948, -457, -1240, -856, 201950, -56700, 134050
3968, -473, -1650, -1192, 158620, 97790, 10360
3988, -759, -818, -785, 149730, 546140, 18900
4008, -140, -401, -528, 175910, 754880, -99750
4028, -654, -754, -303, 65870, 730030, 213570
4048, -660, -1014, -414, -32340, 631680, 433930
4068, -815, -1123, 9, 206220, 383950, 323400
4088, 29, -436, -831, 101570, 138950, 274540
4108, 87, -971, -920, 70420, -146090, 197050
4128, -125, -1045, -914, 27300, 17710, 100030
4148, -412, -702, -282, 23380, 161420, 201530
4168, -576, -945, -208, -33880, 103810, 109620
4188, -389, -784, -269, -229040, -16450, -107380
4208, -430, -924, -339, -308280, -151690, -181510
4228, -477, -694, -193, -234010, -105910, -174370
4248, -753, -913, -230, -182210, -57960, -200830
4268, -350, -539, -630, -163240, -284690, -303310
4288, -214, -958, -923, 68390, -432390, -319480
4308, -444, -776, -533, 217770, -119840, -325080
4328, -532, -793, -326, 265510, 108220, -157780
4348, -371, -734, -381, 168700, 19810, -27020
4368, -236, -613, -560, 97930, -75670, -12320
4388, -238, -786, -709, 96600, -81900, 6370
4408, -413, -749, -290, 154140, 53690, 28840
4428, -447, -733, -206, 98070, 165200, 118090
4448, -332, -839, -389, -35560, 58520, 138180
4468, -328, -959, -410, -61810, -18760, 83860
4488, -413, -905, -223, -21910, 54950, 85120
4508, -400, -880, -250, -29260, 75950, 111930
4528, -336, -824, -233, -47740, 22610, 96600
4548, -401, -773, -163, -38500, 13720, 37660
4568, -367, -824, -282, -35560, 9450, -18550
4588, -393, -805, -335, -23240, -28910, -72450
4608, -399, -786, -386, -2590, -34230, -87640
4628, -383, -821, -406, -2870, -30800, -68040
4648, -394, -830, -335, -13790, -11550, -28070
4668, -392, -881, -363, -14210, 2730, 12880
4688, -425, -885, -358, 7840, 11760, 30520
4708, -417, -905, -396, 28770, 18340, 39410
4728, -400, -868, -364, 31150, 11620, 47740
4748, -384, -835, -417, 26670, 4760, 50890
4768, -403, -840, -388, 21840, -7210, 34790
4788, -424, -856, -329, 12390, 7350, 6720
4808, -398, -840, -338, -12040, 2310, -16240
4828, -433, -837, -298, -30030, -15120, -42140
4848, -420, -809, -330, -28840, -17780, -65100
4868, -414, -800, -363, -26250, -35700, -74900
4888, -403, -763, -406, -16940, -41020, -73080
4908, -418, -799, -403, -840, -30310, -60340
4928, -434, -793, -337, 11550, 2450, -34300
4948, -379, -835, -342, 8820, 14840, 3290
4968, -393, -868, -290, -280, 6580, 33740
4988, -411, -881, -248, 21140, 25830, 51660
5008, -398, -913, -271, 34580, 32830, 63350
5028, -404, -893, -249, 29890, 16870, 60410
5048, -380, -880, -292, 26250, 6370, 48930
5068, -397, -855, -309, 17640, -6930, 26600
5088, -420, -860, -345, 12110, -9030, 2660
5108, -411, -845, -346, 2240, -12880, -17360
5128, -408, -840, -340, -10990, -14350, -28210
5148, -414, -837, -328, -20720, -15120, -29190
5168, -415, -836, -346, -21840, -14840, -29190
5188, -425, -822, -329, -15120, -12600, -25130
5208, -419, -863, -350, -9870, -8470, -15610
5228, -419, -862, -310, -10430, -8960, -3710
5248, -409, -879, -332, -4130, -1610, 11130
5268, -406, -865, -342, 6090, 2240, 19740
5288, -412, -870, -336, 15050, 6160, 23030
5308, -406, -860, -321, 17710, 9870, 21630
5328, -392, -870, -344, 9730, 7210, 16240
5348, -419, -851, -302, -1820, -1050, 2310
5368, -413, -849, -323, -6020, -1890, -13020
5388, -420, -845, -326, -16170, -10080, -28840
5408, -428, -848, -320, -23800, -17220, -38640
5428, -422, -862, -309, -21070, -10710, -32270
5448, -413, -854, -296, -16870, -7840, -20930
5468, -405, -859, -325, -5180, -2100, -4970
5488, -416, -855, -310, 8190, -2520, 6160
5508, -414, -862, -324, 20580, 4480, 16660
5528, -394, -849, -351, 18690, 770, 21700
5548, -412, -858, -346, 12950, -5250, 16450
5568, -406, -856, -343, 12180, -4200, 7630
5588, -400, -848, -380, 560, -5180, -630
5608, -412, -838, -357, 3290, 5880, -3640
5628, -390, -842, -336, -6580, 5110, -2100
5648, -394, -847, -287, -14770, 5740, -2590
5668, -406, -861, -265, -15820, 5880, -11690
5688, -407, -878, -280, -17290, -3080, -18900
5708, -411, -869, -289, -11830, -7420, -18900
5728, -413, -847, -300, -70, -3500, -11340
5748, -411, -851, -316, 5740, -2310, -2030
5768, -406, -864, -306, 6510, 210, 7840
5788, -403, -867, -300, 7630, 1190, 14140
5808, -399, -860, -318, 10780, 840, 13370
5828, -396, -846, -348, 10780, -4200, 6650
5848, -401, -847, -351, 11130, -2800, 2730
5868, -401, -851, -329, 5390, 210, 3640
5888, -403, -862, -320, -3360, -3150, 350
5908, -409, -850, -323, -4340, -3430, -8190
5928, -412, -853, -319, -6020, -5040, -13720
5948, -407, -867, -313, -9240, -4270, -10360
5968, -412, -860, -287, -7210, -1610, -4340
5988, -405, -865, -296, -1400, 1400, 770
6008, -408, -858, -301, 1330, -840, 2310
6028, -408, -864, -307, 3150, 70, 2590
6048, -401, -858, -319, 2170, -840, 3360
6068, -409, -857, -314, 3080, -280, 2590
6088, -406, -857, -312, 2030, 1260, 1750
6108, -406, -867, -306, -4480, -3150, -1820
6128, -403, -868, -315, -6650, -3290, -4060
6148, -407, -857, -305, -3640, -3080, -3850
6168, -405, -859, -318, -630, -1260, -2170
6188, -409, -853, -321, -630, -2380, -1750
6208, -412, -854, -319, 420, -1050, -1120
6228, -407, -860, -324, -1540, -1890, -280
6248, -402, -859, -318, -2100, -1190, 840
6268, -404, -864, -320, -700, -140, 1540
6288, -409, -863, -327, 630, 70, 1610
6308, -408, -860, -327, 3640, 1960, 1610
6328, -401, -851, -319, 4060, 3010, 2030
6348, -402, -856, -299, 1820, 3570, 2100
6368, -398, -869, -290, -2450, 3220, -1540
6388, -401, -867, -268, -6090, 840, -6160
6408, -395, -852, -292, -4970, 70, -8050
6428, -412, -849, -318, -2030, -5530, -14770
6448, -410, -849, -325, 1890, -3080, -15750
6468, -406, -857, -301, -2170, -1960, -5950
6488, -403, -880, -294, -4970, 350, 5110
6508, -399, -860, -284, -140, 1890, 8960
6528, -393, -862, -312, 6160, 1330, 10150
6548, -399, -858, -317, 9520, -630, 8400
6568, -397, -859, -327, 10570, 560, 7000
6588, -399, -866, -313, 7280, 140, 5460
6608, -400, -878, -301, 2310, 70, 3500
6628, -403, -868, -294, -2380, -2030, -1400
6648, -405, -861, -298, -3500, -3570, -6860
6668, -405, -854, -296, -5880, -5530, -11200
6688, -409, -861, -297, -8540, -6650, -12390
6708, -413, -867, -294, -7350, -5460, -10780
6728, -413, -869, -299, -3990, -3640, -6440
6748, -408, -860, -306, -560, -3150, -630
6768, -410, -856, -322, 4410, -1960, 4340
6788, -407, -847, -327, 8820, -350, 6860
6808, -410, -853, -305, 8260, 1190, 8400
6828, -398, -873, -310, 3150, 1890, 8050
6848, -401, -870, -295, -1330, -1330, 5250
6868, -398, -861, -302, 2590, -70, 3220
6888, -402, -857, -287, 5460, 210, 1610
6908, -404, -872, -276, 3500, 910, 980
6928, -407, -874, -271, -3080, -1820, -1960
6948, -412, -879, -281, -5950, -4620, -5810
6968, -411, -863, -281, -4270, -5390, -8540
6988, -405, -862, -291, -2660, -5180, -6230
7008, -409, -844, -284, -1610, -5110, -2940
7028, -413, -858, -311, -70, -3430, 420
7048, -415, -857, -305, 490, -4760, -1400
7068, -410, -872, -313, 280, -3220, -700
7088, -410, -873, -297, -840, -2310, 3430
7108, -409, -873, -295, 2100, 1050, 6860
7128, -405, -869, -288, 3570, 1330, 6860
7148, -407, -867, -283, 1750, -350, 3290
7168, -412, -870, -292, -2030, -3150, -2940
7188, -417, -864, -296, -4760, -6160, -9380
7208, -414, -861, -291, -5320, -6370, -11690
7228, -411, -862, -288, -6020, -5600, -9170
7248, -416, -852, -285, -5530, -3570, -4410
7268, -418, -857, -302, -1960, -1960, -1680
7288, -408, -852, -318, 1050, -2030, -1820
7308, -410, -847, -306, 2170, -2380, 1680
7328, -405, -864, -288, 5250, 2310, 11550
7348, -404, -885, -270, -2730, 2660, 10010
7368, -406, -885, -266, -1400, 1750, 3640
7388, -405, -873, -287, 420, -1540, -2030
7408, -410, -860, -296, 560, -3710, -5600
7428, -410, -864, -298, -1260, -2100, -4130
7448, -414, -872, -281, -4270, -1330, -1330
7468, -411, -870, -277, -4760, -1330, -700
7488, -414, -863, -292, -3290, -3220, -4200
7508, -421, -854, -298, -1190, -3220, -7910
7528, -416, -849, -300, -3500, -3150, -8190
7548, -415, -859, -294, -5880, -3920, -5250
7568, -409, -853, -283, -2800, -980, -770
7588, -405, -860, -295, 1400, 140, 4970
7608, -411, -863, -286, 5390, 3010, 9730
7628, -409, -871, -295, 5390, 3850, 10360
7648, -410, -873, -291, 1470, 2030, 5600
7668, -412, -879, -277, -3640, 210, 910
7688, -408, -875, -284, -6790, -3080, -4480
7708, -414, -859, -294, -3850, -3920, -9520
7728, -412, -848, -309, -1750, -3570, -10920
7748, -413, -853, -300, -4340, -4060, -8120
7768, -413, -866, -281, -4830, -350, -1610
7788, -412, -877, -283, -3290, -70, 2450
7808, -411, -864, -296, 2800, 560, 3640
7828, -409, -853, -297, 7630, 2030, 4550
7848, -404, -864, -286, 4410, 2030, 5600
7868, -404, -877, -283, -1890, 140, 3150
7888, -413, -877, -292, -2520, -2310, -3150
7908, -414, -862, -307, 1610, -1330, -7070
7928, -402, -845, -307, 490, -1050, -6020
7948, -395, -851, -341, -3710, -1260, -5950
7968, -431, -856, -284, -2240, 5950, -6020
7988, -409, -881, -306, -8260, 8050, -5530
8008, -404, -843, -369, -9800, 2380, -3710
8028, -390, -748, -435, 9870, 8820, -4690
8048, -400, -712, -426, 32830, 23940, -2310
8068, -427, -726, -327, 23310, 37030, 10500
8088, -375, -713, -337, -26250, 39970, 24640
8108, -283, -502, -526, -66010, 21070, 24920
8128, -519, -879, -439, -14070, 32970, 2240
8148, -637, -688, 67, 38710, 123480, -28560
8168, -501, -917, -163, -87990, 159180, -25130
8188, -290, -858, -459, -259490, -56070, -21770
8208, -231, -862, -457, -141470, -226240, 74200
8228, -477, -966, -285, -12950, -34930, 103530
8248, -646, -1129, -129, 72380, 169750, 137620
8268, -578, -937, 14, 65940, 207690, 141190
8288, -494, -986, -200, 7070, 42280, 135660
8308, -359, -887, -298, -15260, -197330, 131600
8328, -344, -651, -187, 72380, -259280, 98700
8348, -334, -602, -196, 183610, -215810, 10500
8368, -386, -840, -326, 213360, -202020, -93730
8388, -359, -873, -290, 225190, -153720, -158340
8408, -444, -911, -223, 233940, -57750, -140840
8428, -530, -861, -212, 217420, 9590, -48930
8448, -553, -832, -88, 184940, 1190, -3010
8468, -531, -805, -128, 80920, -42420, -89740
8488, -383, -618, -225, -100730, -162680, -134540
8508, -319, -509, -240, -286160, -227710, -169330
8528, -332, -607, -276, -399140, -215390, -187950
8548, -396, -808, -325, -413000, -206640, -194950
8568, -282, -641, -282, -424830, -139160, -201320
8588, -259, -360, -65, -362180, -121660, -122290
8608, -260, -423, -189, -268800, -173530, 44800
8628, -155, -390, -290, -159110, -332500, 182070
8648, -230, -686, -452, -104090, -352240, 233030
8668, -440, -864, -635, -46410, -189210, 259700
8688, -154, -207, -430, 50750, 171220, 136640
8708, -1075, -1742, -574, 402920, 463190, -57330
8728, -506, -786, -453, 402290, 783930, -46620
8748, -275, -569, -444, -177660, 954240, 99120
8768, -884, -1595, -1047, -19880, 501690, 307930
8788, -714, -1382, -1121, 287210, 260960, 546350
8808, -1311, -1548, -1037, 744170, 43960, 584010
8828, -709, -882, -478, 705670, 604100, 302890
8848, -512, -567, -305, 521290, 986720, 58520
8868, -648, -579, -273, 357700, 847000, 267330
8888, -635, -691, -555, 155610, 579460, 663390
8908, -714, -787, -639, 117250, 310800, 863520
8928, -613, -575, -644, 244090, 362250, 742980
8948, -640, -444, -563, 497420, 508550, 408520
8968, -732, -672, -482, 716030, 667730, 128170
8988, -876, -1077, -519, 740250, 804160, 11690
9008, -784, -1083, -465, 471170, 923300, 45220
9028, -605, -910, -485, 94430, 906640, 175420
9048, -554, -805, -422, 65730, 538230, 358330
9068, -571, -881, -585, 323190, 203560, 434700
9088, -967, -1397, -776, 511770, 289590, 139020
9108, -1143, -1977, -665, 298410, 619220, -121730
9128, -717, -1436, -549, 109620, 445900, -43400
9148, -744, -1159, -453, 123410, -113890, 326830
9168, -700, -1155, -539, 236810, -405510, 410970
9188, -795, -1344, -579, 239190, -373240, 263760
9208, -851, -1457, -489, 67270, -176680, 61880
9228, -870, -1431, -629, -59360, -334390, 91070
9248, -884, -1203, -565, 51450, -773710, 329980
9268, -669, -841, -445, 172410, -984690, 348810
9288, -565, -645, -351, 97790, -922600, 229390
9308, -597, -680, -411, -68740, -780220, 113260
9328, -792, -972, -604, -135520, -731220, 4690
9348, -894, -1056, -727, -3220, -804510, -115080
9368, -773, -721, -547, 201250, -913990, -295750
9388, -664, -380, -397, 230580, -1001070, -407400
9408, -619, -162, -385, 102060, -1104600, -399700
9428, -643, -68, -409, -29960, -1195810, -373730
9448, -726, -167, -545, -158550, -1210930, -406910
9468, -770, -363, -631, -329840, -1042230, -599130
9488, -1201, -1088, -919, -491470, -643370, -968100
9508, -1819, -1884, -1332, -453530, -240380, -1352680
9528, -1224, -1459, -842, 27930, -420000, -1464400
9548, -1128, -1454, -1051, -2590, -923720, -1051400
9568, -1817, -1998, -1997, -853650, -768180, -734580
9588, -1341, -1998, -1391, -1143240, -178500, -903910
9608, -1156, -1998, -1352, -598150, 32900, -1003730
9628, -1998, -1998, -1997, -751240, -121940, -360080
9648, -1568, -1998, -1993, -916580, 215390, -224070
9668, -1998, -1998, -1997, -469770, 631260, -386680
9688, -1998, -1998, -1997, -451920, 937370, -67830
9708, -1998, -1545, 890, 136080, 1240960, -119210
9728, -629, -929, -703, 377580, -10360, 446950
9748, -200, -119, -657, 179060, 443170, -300020
9768, -24, 632, -1005, 792400, 609630, -458570
9788, -357, 1051, -691, 1301090, 840350, -214830
9808, -352, 1301, -591, 1525650, 1167460, 134190
9828, -1181, 834, -1004, 1305430, 1430170, 495110
9848, -1969, -363, -1474, 534030, 2009070, 771120
9868, -1998, -1589, -1847, -219590, 2288230, 630350
9888, -1982, -1998, -1997, -334110, 2288440, 131110
9908, -1256, -661, -881, 962430, 1557290, 103460
9928, -1119, -383, -618, 1182370, 1099210, 491680
9948, -756, -366, -1093, 699160, 1318030, 211330
9968, -1369, -1946, -868, 1079260, 1032570, 230090
9988, -1293, -1163, -786, 1333500, 608300, 745920
10008, -1050, -1157, -831, 397530, 591920, 1115310
10028, -1367, -1969, -1417, 69650, 567560, 998620
10048, -1963, -1998, -1518, 370650, 526540, 887460
10068, -1442, -1998, -1164, 175070, 1091160, 482930
10088, -1710, -1998, -1753, -329490, 1325100, 269500
10108, -1998, -1998, -1876, -304570, 958230, 446460
10128, -1862, -1998, -1269, 209720, 954870, 45920
10148, -1998, -1998, -1484, 584640, 1171800, -513240
10168, -1998, -1998, -1997, 531650, 1078630, -491890
10188, -1998, -1998, -1924, 740740, 500430, -282800
10208, -1998, -1998, -1995, 1046500, 236250, -390530
10228, -1998, -1998, -1997, 936600, 72520, -430850
10248, -1998, -1998, -1997, 892360, -306320, -383250
10268, -1998, -1998, -1997, 886550, -396270, -567770
10288, -1998, -1998, -1997, 781830, -450240, -731780
10308, -1998, -1998, -1997, 619780, -536970, -927150
10328, -1998, -1998, -1997, 403060, -574420, -1120070
10348, -1998, -1998, -1997, 190470, -520100, -1331750
10368, -1998, -1998, -1997, -117390, -477330, -1487010
10388, -1998, -1998, -1997, -448140, -361690, -1542590
10408, -1998, -1998, -1997, -784070, -297850, -1393350
10428, -1998, -1998, -1997, -1064000, -177730, -1141910
10448, -1998, -1998, -1997, -1193010, -38220, -870590
10468, -1998, -1998, -1997, -1318940, 95900, -543060
10488, -1998, -1998, -1997, -1285060, 249900, -308840
10508, -1998, -1998, -1997, -1203090, 400050, -124390
10528, -1998, -1998, -1997, -992390, 622510, -48720
10548, -1998, -1998, -1997, -678370, 881440, -74130
10568, -1998, -1998, -1997, -333620, 1326850, -287210
10588, -1998, -1998, -1997, 83860, 1561630, -375130
10608, -1998, -1998, -1997, 672070, 1669850, -428050
10628, -1998, -1998, -1997, 1193360, 1467410, -259980
10648, -1998, -1998, -1997, 1549520, 1162630, 71890
10668, -1998, -1998, -1997, 1536500, 863660, 612430
10688, -1998, -1998, -1997, 1317330, 692510, 1176490
10708, -1998, -1998, -1997, 829850, 767620, 1664880
10728, -1998, -1998, -1997, 141330, 1051610, 1848210
10748, -1998, -1998, -1997, -379470, 1494850, 1498000
10768, -1998, -1998, -1997, -597380, 1942640, 784840
10788, -1998, -1998, -1997, -282800, 2227260, 25340
10808, -1998, -1998, -1997, 459410, 2222640, -496580
10828, -1998, -1998, -1997, 1201970, 1735860, -564060
10848, -1998, -1998, -1997, 1651860, 454580, 133000
10868, -1998, -1998, -1997, 1453270, 159600, 523320
10888, -1998, -1998, -1997, 1359610, 59010, 778540
10908, -1998, -1998, -1997, 1038870, 37520, 1128610
10928, -1998, -1998, -1997, 793380, 152950, 1367800
10948, -1998, -1998, -1997, 358330, 361620, 1575280
10968, -1998, -1998, -1997, -46690, 629020, 1581090
10988, -1998, -1998, -1997, -538930, 1019550, 1393280
11008, -1998, -1998, -1997, -825230, 1325170, 1017310
11028, -1998, -1998, -1997, -854280, 1746640, 413560
11048, -1998, -1998, -1997, -495600, 1981140, -181790
11068, -1998, -1998, -1997, 138110, 2004660, -620900
11088, -1998, -1998, -1997, 771190, 1603140, -695100
11108, -1998, -1998, -1997, 1303470, 915740, -440440
11128, -1998, -1998, -1997, 1451940, 747390, -454510
11148, -1998, -1998, -1997, 1432830, 145810, 18900
11168, -1998, -1998, -1997, 1469790, 160650, 24360
11188, -1998, -1998, -1997, 1277500, -193550, 432530
11208, -1998, -1998, -1997, 1292690, -112420, 476140
11228, -1998, -1998, -1997, 1031310, -208180, 882420
11248, -1998, -1998, -1997, 949900, -84770, 1055810
11268, -1998, -1998, -1997, 608370, -47110, 1510180
11288, -1998, -1998, -1997, 353990, 230160, 1675450
11308, -1998, -1998, -1997, -208320, 520450, 1819930
11328, -1998, -1998, -1997, -578900, 991130, 1572480
11348, -1998, -1998, -1997, -747460, 1360240, 1140370
11368, -1998, -1998, -1997, -463260, 1885310, 395570
11388, -1998, -1998, -1997, -136430, 2231950, -137620
11408, -1998, -1998, -1997, 763490, 2193170, -450030
11428, -1998, -1998, -1997, 1375150, 1725570, -329280
11448, -1998, -1998, -1997, 1744260, 1079540, 28910
11468, -1998, -1998, -1997, 1611330, 635740, 583240
11488, -1998, -1998, -1997, 1419810, 371280, 1058680
11508, -1998, -1998, -1997, 964600, 382620, 1531740
11528, -1998, -1998, -1997, 407400, 584710, 1806490
11548, -1998, -1998, -1997, -245210, 889070, 1830290
11568, -1998, -1998, -1997, -714350, 1318800, 1437030
11588, -1998, -1998, -1997, -910350, 1738870, 808710
11608, -1998, -1998, -1997, -636370, 2054360, 120960
11628, -1998, -1998, -1997, -7210, 2032240, -342580
11648, -1998, -1998, -1997, 957670, 1662010, -612010
11668, -1998, -1998, -1997, 1236970, 1452920, -585690
11688, -1998, -1998, -1997, 1595370, 712740, -216230
11708, -1998, -1998, -1997, 1489880, 512120, 2940
11728, -1998, -1998, -1997, 1408610, 46480, 411600
11748, -1998, -1998, -1997, 1289610, 55580, 564410
11768, -1998, -1998, -1997, 1045240, -138250, 1019480
11788, -1998, -1998, -1997, 913850, -15820, 1249710
11808, -1998, -1998, -1997, 548520, 37240, 1693650
11828, -1998, -1998, -1997, 110670, 364490, 1841840
11848, -1998, -1998, -1997, -394520, 720510, 1828680
11868, -1998, -1998, -1997, -832370, 1187830, 1509410
11888, -1998, -1998, -1997, -772310, 1545530, 910770
11908, -1998, -1998, -1997, -309190, 2067730, 8470
11928, -1998, -1998, -1997, -107030, 2225860, -234150
11948, -1998, -1998, -1997, 1169910, 1986810, -520870
11968, -1998, -1998, -1997, 1418200, 1593620, -314230
11988, -1998, -1998, -1997, 1788640, 779240, 170380
12008, -1998, -1998, -1997, 1566810, 621740, 660100
12028, -1998, -1998, -1997, 1249990, 318360, 1239770
12048, -1998, -1998, -1997, 787850, 461930, 1620150
12068, -1998, -1998, -1997, 229600, 620130, 1899380
12088, -1998, -1998, -1997, -382270, 979510, 1752450
12108, -1998, -1998, -1997, -791560, 1394750, 1300390
12128, -1998, -1998, -1997, -865690, 1751960, 703990
12148, -1998, -1998, -1997, -399350, 1858920, 105070
12168, -1998, -1998, -1997, 369040, 2063950, -541380
12188, -1998, -1998, -1997, 685160, 1812020, -459900
12208, -1998, -1998, -1997, 1523200, 1207080, -367780
12228, -1998, -1998, -1997, 1410570, 933380, -138320
12248, -1998, -1998, -1997, 1445990, 288120, 346080
12268, -1998, -1998, -1997, 1351630, 304500, 521570
12288, -1998, -1998, -1997, 1036420, 55790, 987560
12308, -1998, -1998, -1997, 872340, 144200, 1232140
12328, -1998, -1998, -1997, 448070, 166670, 1647240
12348, -1998, -1998, -1997, 84770, 435680, 1725080
12368, -1998, -1998, -1997, -488390, 730310, 1729420
12388, -1998, -1998, -1997, -802340, 1128190, 1382780
12408, -1998, -1998, -1997, -868000, 1460900, 900130
12428, -1998, -1998, -1997, -610330, 1861230, 237370
12448, -1998, -1998, -1997, -39200, 2018870, -299390
12468, -1998, -1998, -1997, 568540, 2006970, -571760
12488, -1998, -1998, -1997, 1236970, 1477280, -494830
12508, -1998, -1998, -1997, 1496390, 1028580, -299460
12528, -1998, -1998, -1997, 1504860, 491820, 97930
12548, -1998, -1998, -1997, 1460480, 237510, 418530
12568, -1998, -1998, -1997, 1230530, 81060, 797300
12588, -1998, -1998, -1997, 788830, 83790, 1507730
12608, -1998, -1998, -1997, 350280, 273840, 1782900
12628, -1998, -1998, -1997, -146300, 595980, 1833160
12648, -1998, -1998, -1997, -609770, 984410, 1612030
12668, -1998, -1998, -1997, -815990, 1347430, 1144780
12688, -1998, -1998, -1997, -524510, 1738660, 421750
12708, -1998, -1998, -1997, -367010, 2157400, -112350
12728, -1998, -1998, -1997, 473550, 1986950, -413350
12748, -1998, -1998, -1997, 1094240, 1811040, -583800
12768, -1998, -1998, -1997, 1491210, 1056580, -267750
12788, -1998, -1998, -1997, 1641360, 699790, 33810
12808, -1998, -1998, -1997, 1519980, 228620, 548380
12828, -1998, -1998, -1997, 1405390, 131250, 893760
12848, -1998, -1998, -1997, 1113490, 64890, 1380330
12868, -1998, -1998, -1997, 701890, 255080, 1720950
12888, -1998, -1998, -1997, 143640, 547470, 1947680
12908, -1998, -1998, -1997, -418950, 968450, 1808170
12928, -1998, -1998, -1997, -680190, 1348970, 1323770
12948, -1998, -1998, -1997, -498960, 1792210, 577430
12968, -1998, -1998, -1997, -282870, 2209410, -41440
12988, -1998, -1998, -1997, 454720, 2077460, -325290
13008, -1998, -1998, -1997, 1204490, 1831690, -484890
13028, -1998, -1998, -1997, 1499540, 1133020, -161700
13048, -1998, -1998, -1997, 1626590, 697970, 209860
13068, -1998, -1998, -1997, 1401190, 357560, 691040
13088, -1998, -1998, -1997, 1172780, 226170, 1095500
13108, -1998, -1998, -1997, 868840, 219450, 1507590
13128, -1998, -1998, -1997, 391370, 411390, 1775760
13148, -1998, -1998, -1997, -157080, 714140, 1840370
13168, -1998, -1998, -1997, -609770, 1109220, 1543990
13188, -1998, -1998, -1997, -821590, 1475320, 1028020
13208, -1998, -1998, -1997, -602910, 1686090, 461440
13228, -1998, -1998, -1997, -5600, 2053380, -280700
13248, -1998, -1998, -1997, 320250, 1983310, -431340
13268, -1998, -1998, -1997, 1222830, 1521450, -531790
13288, -1998, -1998, -1997, 1336650, 1118040, -358540
13308, -1998, -1998, -1997, 1503600, 466970, -8400
13328, -1998, -1998, -1997, 1429330, 257740, 228830
13348, -1998, -1998, -1997, 1281840, -54460, 584780
13368, -1998, -1998, -1997, 1223040, -147490, 847280
13388, -1998, -1998, -1997, 1059310, -170450, 1205050
13408, -1998, -1998, -1997, 809550, -42980, 1541680
13428, -1998, -1998, -1997, 399140, 225540, 1817830
13448, -1998, -1998, -1997, -86310, 611730, 1860950
13468, -1998, -1998, -1997, -435260, 1003660, 1592710
13488, -1998, -1998, -1997, -566440, 1640380, 901460
13508, -1998, -1998, -1997, -672910, 1923810, 469350
13528, -1998, -1998, -1997, 29820, 2163210, -139650
13548, -1998, -1998, -1997, 615720, 2089290, -480970
13568, -1998, -1998, -1997, 1317820, 1492120, -393050
13588, -1998, -1998, -1997, 1577730, 1055810, -120750
13608, -1998, -1998, -1997, 1526700, 533680, 359800
13628, -1998, -1998, -1997, 1354850, 303170, 833910
13648, -1998, -1998, -1997, 1167040, 213360, 1193780
13668, -1998, -1998, -1997, 700490, 315420, 1529850
13688, -1998, -1998, -1997, 308980, 507430, 1630860
13708, -1998, -1998, -1997, -162330, 799120, 1521170
13728, -1998, -1998, -1997, -388640, 1045380, 1215550
13748, -1998, -1998, -1997, -418040, 1340430, 752150
13768, -1998, -1998, -1997, -303170, 1597260, 301070
13788, -1998, -1998, -1997, -35420, 1628130, 54670
13808, -1998, -1998, -1997, 437500, 1513680, -160020
13828, -1998, -1998, -1997, 832580, 1348410, -297430
13848, -1971, -1998, -1997, 991550, 1056370, -203000
13868, -1653, -1998, -1770, 1165360, 677250, -46060
13888, -1998, -1998, -1997, 1228150, 385980, 91560
13908, -1998, -1998, -1997, 1182160, 109480, 299600
13928, -1998, -1998, -1997, 1156470, -134400, 531020
13948, -1998, -1998, -1997, 1080240, -205940, 711830
13968, -1998, -1998, -1997, 869540, -253330, 1022070
13988, -1998, -1998, -1997, 786940, -204610, 1220450
14008, -1998, -1998, -1997, 484610, -116550, 1513470
14028, -1998, -1998, -1997, 223300, 86940, 1660610
14048, -1998, -1998, -1997, -188860, 351540, 1729980
14068, -1998, -1998, -1997, -480690, 714070, 1513540
14088, -1998, -1998, -1997, -630210, 1107680, 1119370
14108, -1998, -1998, -1997, -756070, 1591450, 621390
14128, -1998, -1998, -1997, -560140, 1810970, 232120
14148, -1998, -1998, -1997, -10640, 2016700, -291620
14168, -1998, -1998, -1997, 561890, 1810760, -509250
14188, -1998, -1998, -1997, 1169490, 1418900, -498190
14208, -1998, -1998, -1997, 1410080, 947590, -267260
14228, -1998, -1998, -1997, 1536850, 452270, 135730
14248, -1998, -1998, -1997, 1598520, 155960, 462630
14268, -1998, -1998, -1997, 1431920, -15750, 864150
14288, -1998, -1998, -1997, 1241380, -58520, 1281910
14308, -1998, -1998, -1997, 831250, 127400, 1670410
14328, -1998, -1998, -1997, 364000, 466900, 1857310
14348, -1998, -1998, -1997, -522410, 1525720, 1206100
14368, -1998, -1998, -1997, -617610, 1774780, 806610
14388, -1998, -1998, -1997, -124740, 2089010, 124390
14408, -1998, -1998, -1997, 376110, 2079910, -242270
14428, -1998, -1998, -1997, 1082480, 1654730, -221060
14448, -1998, -1998, -1997, 1409590, 1244670, -4410
14468, -1952, -1998, -1997, 1403780, 889420, 358260
14488, -1998, -1998, -1997, 1220170, 585830, 842520
14508, -1998, -1998, -1997, 1011850, 565880, 1084790
14528, -1998, -1998, -1997, 637420, 625170, 1344140
14548, -1998, -1998, -1997, 196490, 768880, 1480710
14568, -1998, -1998, -1997, -227290, 1025710, 1341480
14588, -1998, -1998, -1997, -533610, 1288420, 1031240
14608, -1998, -1998, -1997, -554960, 1566950, 520730
14628, -1998, -1998, -1997, -373030, 1696170, 74970
14648, -1998, -1998, -1997, 113330, 1675730, -300230
14668, -1998, -1998, -1997, 574420, 1477140, -504980
14688, -1998, -1998, -1997, 971810, 1118110, -540120
14708, -1998, -1998, -1997, 1151360, 747320, -473690
14728, -1998, -1998, -1997, 1202880, 353080, -357700
14748, -1998, -1998, -1997, 1206450, 48300, -311640
14768, -1998, -1998, -1997, 1152200, -218190, -281190
14788, -1998, -1998, -1997, 1159410, -415310, -317940
14808, -1998, -1998, -1997, 1140510, -544320, -385630
14828, -1998, -1998, -1997, 1148000, -633150, -476140
14848, -1998, -1998, -1997, 1192310, -638260, -653240
14868, -1998, -1998, -1997, 1203300, -633360, -828240
14888, -1998, -1998, -1997, 1190210, -546840, -1028300
14908, -1998, -1998, -1997, 1118460, -389550, -1145690
14928, -1998, -1998, -1997, 973840, -234430, -1121050
14948, -1998, -1998, -1997, 908600, -181370, -903770
14968, -1998, -1998, -1997, 1112160, 161840, -978670
14988, -1998, -1998, -1997, 1163260, 187460, -651210
15008, -1998, -1998, -1997, 1392370, 389060, -494550
15028, -1998, -1998, -1997, 1442770, 313600, -9100
15048, -1998, -1998, -1997, 1574160, 424340, 393820
15068, -1998, -1998, -1997, 1365560, 522480, 1109080
15088, -1998, -1998, -1997, 1077790, 861350, 1769880
15108, -1998, -1998, -1997, 303450, 1512350, 2212840
15128, -1998, -1998, -1997, -278250, 2181270, 1725710
15148, -1998, -1998, -1997, 82600, 2293480, 613970
15168, -1998, -1998, -1997, 1442770, 2293480, 61530
15188, -1998, -1998, -1997, 2218160, 2217250, 930720
15208, -1998, -1998, -1997, 1683290, 2029860, 2007250
15228, -1998, -1998, -1997, 508690, 2233770, 2249170
15248, -1998, -1998, -1997, 167860, 2293480, 1470000
15268, -1998, -1998, -1997, 741860, 2293480, 402010
15288, -1998, -1998, -1997, 1637300, 2251550, 352240
15308, -1998, -1998, -1997, 2047640, 1828820, 932400
15328, -1998, -1998, -1997, 1477000, 1497230, 1584940
15348, -1998, -1998, -1997, 552440, 1408120, 2097060
15368, -1998, -1998, -1997, -59150, 1844150, 1647800
15388, -1998, -1998, -1997, -514500, 2252950, 864150
15408, -1998, -1998, -1997, -24780, 2287530, -12110
15428, -1998, -1998, -1997, 732690, 2162370, -559790
15448, -1998, -1998, -1997, 1406230, 1529360, -612990
15468, -1998, -1998, -1997, 1477490, 762370, -345030
15488, -1998, -1998, -1997, 1410780, 61320, -75460
15508, -1998, -1998, -1997, 1295560, -290430, -27720
15528, -1998, -1998, -1997, 1181460, -546980, -88200
15548, -1998, -1998, -1997, 1065120, -674660, -275870
15568, -1998, -1998, -1997, 983150, -808850, -471590
15588, -1998, -1998, -1997, 864080, -820050, -759640
15608, -1998, -1998, -1997, 714630, -787570, -1016400
15628, -1998, -1998, -1997, 574070, -628460, -1284010
15648, -1998, -1998, -1997, 387940, -481670, -1349670
15668, -1998, -1998, -1997, 256130, -88970, -1586130
15688, -1998, -1998, -1997, 86870, 95060, -1482040
15708, -1998, -1998, -1997, 89390, 447650, -1469510
15728, -1998, -1998, -1997, 152390, 574140, -1220590
15748, -1998, -1998, -1997, 449400, 708820, -1033270
15768, -1998, -1998, -1997, 786660, 810040, -855260
15788, -1998, -1998, -1997, 1158150, 792680, -558320
15808, -1998, -1998, -1997, 1424430, 792470, -243950
15828, -1998, -1998, -1997, 1529920, 676200, 284620
15848, -1998, -1998, -1997, 1524880, 673820, 841960
15868, -1998, -1998, -1997, 1163540, 861210, 1476020
15888, -1998, -1998, -1997, 620760, 1262870, 1929690
15908, -1998, -1998, -1997, -10150, 1941450, 1793120
15928, -1998, -1998, -1997, -4480, 2274160, 1003030
15948, -1998, -1998, -1997, 654500, 2293480, 186970
15968, -1998, -1998, -1997, 1880340, 2274930, 225470
15988, -1998, -1998, -1997, 2171470, 1951460, 1054270
16008, -1998, -1998, -1997, 1383480, 1631000, 2066190
16028, -1998, -1998, -1997, 439530, 2061010, 2132200
16048, -1998, -1998, -1997, -66850, 2290260, 1308090
16068, -1998, -1998, -1997, 520310, 2293480, 321090
16088, -1998, -1998, -1997, 1358980, 1725430, 511280
16108, -1998, -1998, -1997, 1755250, 1235990, 1028230
16128, -1998, -1998, -1997, 1054410, 943250, 1671810
16148, -1998, -1998, -1997, 499940, 1026690, 1807960
16168, -1998, -1998, -1997, -252280, 1376550, 1534260
16188, -1998, -1998, -1997, -484960, 1650600, 996030
16208, -1998, -1998, -1997, -495250, 2069200, 229530
16228, -1998, -1998, -1997, -75600, 2053170, -333340
16248, -1998, -1998, -1997, 595210, 1875020, -776090
16268, -1998, -1998, -1997, 1054550, 1232350, -794990
16288, -1998, -1998, -1997, 1240190, 654640, -773780
16308, -1998, -1998, -1997, 1210440, 49560, -686000
16328, -1998, -1998, -1997, 1111320, -242690, -828170
16348, -1998, -1998, -1997, 909020, -475300, -1012970
16368, -1998, -1998, -1997, 664090, -540190, -1299900
16388, -1998, -1998, -1997, 310100, -477890, -1522290
16408, -1998, -1998, -1997, -44940, -368550, -1622810
16428, -1998, -1998, -1997, -389620, -133280, -1569190
16448, -1998, -1998, -1997, -550340, 89670, -1368780
16468, -1998, -1998, -1997, -626710, 515550, -1252580
16488, -1998, -1998, -1997, -533470, 852810, -1082340
16508, -1998, -1998, -1997, -181650, 1268750, -1091440
16528, -1998, -1998, -1997, 347760, 1406160, -998270
16548, -1998, -1998, -1997, 972860, 1356390, -840560
16568, -1998, -1998, -1997, 1441230, 1063230, -476280
16588, -1998, -1998, -1997, 1705830, 787640, 5320
16608, -1998, -1998, -1997, 1667750, 574980, 604870
16628, -1998, -1998, -1997, 1454110, 581770, 1184470
16648, -1998, -1998, -1997, 912030, 823830, 1742230
16668, -1998, -1998, -1997, 322490, 1242430, 1935290
16688, -1998, -1998, -1997, -230020, 1885660, 1552390
16708, -1998, -1998, -1997, -164080, 2254070, 792610
16728, -1998, -1998, -1997, 597590, 2293480, 14770
16748, -1998, -1998, -1997, 1598520, 2227820, -11620
16768, -1998, -1998, -1997, 2190370, 1735230, 639590
16788, -1998, -1998, -1997, 1691620, 1284780, 1598660
16808, -1998, -1998, -1997, 849520, 1414910, 2150400
16828, -1998, -1998, -1997, -50120, 1901200, 1888950
16848, -1998, -1998, -1997, -257460, 2247700, 1015700
16868, -1998, -1998, -1997, 161210, 2293480, 171430
16888, -1998, -1998, -1997, 995540, 2213960, -223510
16908, -1998, -1998, -1997, 1569190, 1631700, -101430
16928, -1998, -1998, -1997, 1694770, 929110, 249130
16948, -1998, -1998, -1997, 1493520, 415450, 710290
16968, -1998, -1998, -1997, 1203790, 195160, 1026340
16988, -1998, -1998, -1997, 779030, 213150, 1279530
17008, -1998, -1998, -1997, 339150, 221760, 1534260
17028, -1998, -1998, -1997, 42350, 352030, 1540140
17048, -1998, -1998, -1997, -413210, 521500, 1491000
17068, -1998, -1998, -1997, -633780, 764400, 1214850
17088, -1998, -1998, -1997, -848680, 958720, 953960
17108, -1998, -1998, -1997, -766220, 1166760, 571690
17128, -1998, -1998, -1997, -656880, 1256570, 258650
17148, -1998, -1998, -1997, -316680, 1347360, -116900
17168, -1998, -1998, -1997, -70210, 1365070, -347130
17188, -1998, -1998, -1997, 314930, 1275960, -556150
17208, -1998, -1998, -1997, 531090, 1125250, -635110
17228, -1998, -1998, -1997, 766430, 822080, -640920
17248, -1998, -1998, -1997, 921690, 574350, -642880
17268, -1998, -1998, -1997, 951300, 286230, -573090
17288, -1998, -1998, -1997, 1021930, 91350, -559650
17308, -1998, -1998, -1997, 1024170, -106190, -494270
17328, -1998, -1998, -1997, 1103550, -250880, -529760
17348, -1998, -1998, -1997, 1162280, -334320, -649600
17368, -1998, -1998, -1997, 1167390, -394590, -739200
17388, -1998, -1998, -1997, 1141350, -382060, -817670
17408, -1998, -1998, -1997, 1099140, -313740, -849520
17428, -1998, -1998, -1997, 1038730, -257880, -791560
17448, -1998, -1998, -1997, 1080030, -191240, -745150
17468, -1998, -1998, -1997, 1137850, -66080, -716870
17488, -1998, -1998, -1997, 1212680, -13370, -596540
17508, -1998, -1998, -1997, 1287580, 47320, -458010
17528, -1998, -1998, -1997, 1330070, 42420, -220290
17548, -1998, -1998, -1997, 1389010, 72100, 41930
17568, -1998, -1998, -1997, 1365140, 97370, 439180
17588, -1998, -1998, -1997, 1281140, 188650, 954940
17608, -1998, -1998, -1997, 1137570, 439460, 1534050
17628, -1998, -1998, -1997, 535150, 947520, 2098250
17648, -1998, -1998, -1997, -141680, 1737260, 2043790
17668, -1998, -1998, -1997, -419160, 2273250, 1271200
17688, -1998, -1998, -1997, 438410, 2293480, 286790
17708, -1998, -1998, -1997, 1699320, 2290750, 150500
17728, -1998, -1998, -1997, 2219280, 2038120, 1111040
17748, -1998, -1998, -1997, 1600480, 1907010, 2038890
17768, -1998, -1998, -1997, 397320, 2120860, 2234820
17788, -1998, -1998, -1997, 49980, 2288230, 1374310
17808, -1998, -1998, -1997, 421050, 2293480, 289590
17828, -1998, -1998, -1997, 1516830, 2255330, 107100
17848, -1998, -1998, -1997, 1777020, 1176420, 1410360
17868, -1998, -1998, -1997, 1000300, 1051120, 2120930
17888, -1998, -1998, -1997, 72100, 1430870, 2068010
17908, -1998, -1998, -1997, -546980, 1844500, 1423870
17928, -1998, -1998, -1997, -474110, 2171680, 549710
17948, -1998, -1998, -1997, 46620, 2247210, -156730
17968, -1998, -1998, -1997, 777840, 1926820, -490140
17988, -1998, -1998, -1997, 1263780, 1375010, -520170
18008, -1998, -1998, -1997, 1439340, 719110, -338520
18028, -1998, -1998, -1997, 1425690, 212660, -193550
18048, -1998, -1998, -1997, 1309350, -174930, -74060
18068, -1998, -1998, -1997, 1204700, -390390, -96250
18088, -1998, -1998, -1997, 1051190, -575610, -70770
18108, -1998, -1998, -1997, 1122170, -685230, -185920
18128, -1998, -1998, -1997, 1169700, -793450, -352100
18148, -1998, -1998, -1997, 1179710, -828660, -582890
18168, -1998, -1998, -1997, 1089060, -781270, -803670
18188, -1998, -1998, -1997, 920570, -652120, -985320
18208, -1998, -1998, -1997, 696150, -492520, -1038030
18228, -1998, -1998, -1997, 580300, -299810, -1053080
18248, -1998, -1998, -1997, 550900, -75250, -1055670
18268, -1998, -1998, -1997, 561820, 123340, -1003730
18288, -1998, -1998, -1997, 671160, 244020, -895090
18308, -1742, -1998, -1997, 818230, 318150, -763350
18328, -1156, -1998, -1517, 912730, 331870, -542430
18348, -699, -1176, -1056, 1025150, 315280, -314510
18368, -409, -555, -782, 1153460, 278670, -104020
18388, -208, -385, -618, 1290030, 204820, 109200
18408, -654, -1136, -751, 1305080, 182770, 386750
18428, -1998, -1998, -1997, 759360, 520030, 725900
18448, -802, -1891, -1680, 131600, 761320, 1025990
18468, -1998, -1936, -1806, 791280, 394660, 1377180
18488, -1998, -1998, -1997, 220360, 1314250, 1325800
18508, -1588, -1553, -1997, -84140, 1536850, 936040
18528, -1998, -1375, -1808, 302610, 1658650, 798280
18548, -1797, -1100, -1724, 357350, 1975190, 819490
18568, -1749, -653, -1837, 578410, 1811040, 691950
18588, -1831, -533, -1577, 938560, 1788570, 689080
18608, -1770, -490, -1545, 1057350, 1804740, 807240
18628, -1998, -1031, -1825, 925050, 1777930, 941220
18648, -1998, -1998, -1997, 743190, 1811320, 1072050
18668, -1998, -1998, -1997, 629440, 1803480, 1113000
18688, -1998, -1829, -1997, 559020, 1841140, 1019620
18708, -1998, -1541, -1997, 574700, 1905050, 763630
18728, -1659, -713, -1488, 922670, 1820980, 460460
18748, -1194, -291, -949, 1331260, 1564150, 396690
18768, -836, 49, -521, 1376550, 1300530, 584850
18788, -1009, -87, -366, 1169840, 1056160, 903350
18808, -1776, -1366, -1079, 793030, 890610, 1249220
18828, -1998, -1998, -1822, 278530, 833490, 1449140
18848, -1091, -1228, -754, -102830, 1002400, 1155700
18868, -1675, -1998, -1309, -57680, 961380, 742420
18888, -1998, -1998, -1850, -346360, 966840, 649670
18908, -1639, -1998, -1429, -703920, 1227800, 141470
18928, -1998, -1998, -1997, -430990, 1051540, -288820
18948, -1998, -1998, -1997, -451360, 975730, -343980
18968, -1998, -1998, -1997, -296520, 943040, -700980
18988, -1998, -1998, -1997, -91980, 805560, -898450
19008, -1998, -1998, -1997, -197470, 730870, -993300
19028, -1998, -1998, -1997, -79730, 577500, -1154930
19048, -1998, -1998, -1997, -176260, 510230, -1237460
19068, -1998, -1998, -1997, -233030, 384300, -1277500
19088, -1998, -1998, -1997, -359520, 307860, -1224090
19108, -1998, -1998, -1997, -458220, 308910, -1213030
19128, -1998, -1998, -1997, -543620, 363860, -1143730
19148, -1998, -1998, -1997, -639520, 478380, -1073730
19168, -1998, -1998, -1997, -672070, 592200, -990150
19188, -1998, -1998, -1997, -633990, 699230, -934080
19208, -1998, -1998, -1997, -535850, 823480, -919100
19228, -1998, -1998, -1997, -321160, 953190, -959490
19248, -1998, -1998, -1997, -55930, 1042930, -981190
19268, -1998, -1998, -1997, 336910, 1116220, -1072330
19288, -1998, -1998, -1997, 681870, 1057210, -1100120
19308, -1998, -1998, -1997, 1067220, 893970, -1073590
19328, -1998, -1998, -1997, 1276030, 652050, -859810
19348, -1998, -1998, -1997, 1354780, 419650, -532140
19368, -1998, -1998, -1997, 1452360, 219240, -206640
19388, -1998, -1998, -1997, 1429330, 108570, 139930
19408, -1998, -1998, -1997, 1449350, 100030, 448210
19428, -1998, -1998, -1997, 1269940, 154490, 874370
19448, -1998, -1998, -1997, 1083600, 316890, 1270920
19468, -1998, -1998, -1997, 635250, 630000, 1661310
19488, -1998, -1998, -1997, 136920, 1071350, 1804460
19508, -1998, -1998, -1997, -353850, 1698830, 1522920
19528, -1998, -1998, -1997, -361970, 2188970, 814870
19548, -1998, -1998, -1997, 251790, 2293480, -9730
19568, -1998, -1998, -1997, 1414700, 2269750, -273490
19588, -1998, -1998, -1997, 2144450, 1213800, 1253420
19608, -1998, -1998, -1997, 1201480, 1249780, 2038750
19628, -1998, -1998, -1997, 215670, 1738660, 2080960
19648, -1998, -1998, -1997, -255290, 2177490, 1334830
19668, -1998, -1998, -1997, -7210, 2293480, 399140
19688, -1998, -1998, -1997, 790930, 2283960, -194740
19708, -1998, -1998, -1997, 1560300, 1921290, -139860
19728, -1998, -1998, -1997, 1849400, 1186080, 257950
19748, -1998, -1998, -1997, 1602300, 628740, 844620
19768, -1998, -1998, -1997, 1266790, 379540, 1305220
19788, -1998, -1998, -1997, 715680, 385840, 1660680
19808, -1998, -1998, -1997, 167300, 547680, 1803760
19828, -1998, -1998, -1997, -431480, 809760, 1697920
19848, -1998, -1998, -1997, -786170, 1174250, 1296120
19868, -1998, -1998, -1997, -899220, 1534190, 752360
19888, -1998, -1998, -1997, -651420, 1764980, 160440
19908, -1998, -1998, -1997, -189350, 1876070, -383880
19928, -1998, -1998, -1997, 345940, 1682030, -646310
19948, -1998, -1998, -1997, 852460, 1344560, -758310
19968, -1998, -1998, -1997, 1113000, 887950, -729190
19988, -1998, -1998, -1997, 1231580, 458150, -654080
20008, -1998, -1998, -1997, 1266090, 114310, -608090
20028, -1998, -1998, -1997, 1217370, -148260, -603820
20048, -1998, -1998, -1997, 1180620, -344260, -696710
20068, -1998, -1998, -1997, 1124270, -471170, -836220
20088, -1998, -1998, -1997, 1057980, -498610, -1024310
20108, -1998, -1998, -1997, 976990, -435330, -1183560
20128, -1998, -1998, -1997, 868910, -300930, -1252370
20148, -1998, -1998, -1997, 786940, -133910, -1238650
20168, -1998, -1998, -1997, 767760, -6860, -1159970
20188, -1998, -1998, -1997, 801640, 158830, -1094520
20208, -1998, -1998, -1997, 914200, 293300, -992390
20228, -1998, -1998, -1997, 1114120, 409990, -855470
20248, -1998, -1998, -1997, 1346310, 460600, -608510
20268, -1998, -1998, -1997, 1543360, 463820, -225960
20288, -1998, -1998, -1997, 1626800, 429730, 314440
20308, -1998, -1998, -1997, 1578640, 450870, 986300
20328, -1998, -1998, -1997, 1231510, 696500, 1733200
20348, -1998, -1998, -1997, 495530, 1285900, 2234750
20368, -1998, -1998, -1997, -230230, 2104550, 1915060
20388, -1998, -1998, -1997, -87570, 2293480, 842870
20408, -1998, -1998, -1997, 1091860, 2293480, 174720
20428, -1998, -1998, -1997, 2183230, 2272620, 605220
20448, -1998, -1998, -1997, 1884960, 1960490, 1759730
20468, -1998, -1998, -1997, 875420, 2033080, 2278220
20488, -1998, -1998, -1997, 110180, 2278640, 1858010
20508, -1998, -1998, -1997, 265650, 2293480, 714350
20528, -1998, -1998, -1997, 1197350, 2292150, 147840
20548, -1998, -1998, -1997, 2019220, 2066050, 469840
20568, -1998, -1998, -1997, 1855980, 1428560, 1219330
20588, -1998, -1998, -1997, 1095150, 1112510, 1977360
20608, -1998, -1998, -1997, 220710, 1356810, 2072910
20628, -1998, -1998, -1997, -517930, 1731870, 1529850
20648, -1998, -1998, -1997, -559930, 2138290, 662340
20668, -1998, -1998, -1997, -125020, 2260230, -91490
20688, -1998, -1998, -1997, 642390, 1991780, -513310
20708, -1998, -1998, -1997, 1164800, 1422260, -580020
20728, -1998, -1998, -1997, 1424010, 775320, -500920
20748, -1998, -1998, -1997, 1403290, 227080, -395640
20768, -1998, -1998, -1997, 1334130, -170310, -398720
20788, -1998, -1998, -1997, 1204910, -472430, -477050
20808, -1998, -1998, -1997, 1070160, -640360, -687120
20828, -1998, -1998, -1997, 897540, -744730, -907480
20848, -1998, -1998, -1997, 764330, -711200, -1283730
20868, -1998, -1998, -1997, 536480, -580090, -1644580
20888, -1998, -1998, -1997, 182280, -316400, -1848770
20908, -1998, -1998, -1997, -204960, -78890, -1720670
20928, -1998, -1998, -1997, -328510, 106680, -1436960
20948, -1998, -1998, -1997, -382900, 489370, -1268190
20968, -1998, -1998, -1997, -181650, 733600, -1073870
20988, -1998, -1998, -1997, 104510, 1113980, -1049650
21008, -1998, -1998, -1997, 597660, 1200570, -923510
21028, -1456, -1896, -1850, 1088640, 1112370, -682080
21048, -923, -1418, -1331, 1323630, 966840, -350140
21068, -1449, -1998, -1699, 1521380, 739900, 66850
21088, -1998, -1998, -1997, 1288350, 658140, 571830
21108, -1998, -1998, -1997, 946330, 689290, 1037050
21128, -1998, -1998, -1997, 700700, 679910, 1558900
21148, -1998, -1998, -1997, 269290, 1138410, 1596280
21168, -1998, -1998, -1997, -67410, 1493730, 1292550
21188, -1797, -1487, -1695, -60900, 1724100, 937930
21208, -1545, -854, -1510, 155610, 1735580, 745220
21228, -1411, -474, -1401, 419090, 1702890, 620760
21248, -1387, -770, -1454, 775810, 1634220, 582400
21268, -1998, -1998, -1997, 1151360, 1453900, 693980
21288, -1998, -1998, -1997, 1085490, 1368920, 1010450
21308, -1998, -1998, -1997, 622790, 1456140, 1214500
21328, -1998, -1998, -1990, 761460, 1290660, 1267140
21348, -1998, -1958, -1983, 223160, 1632470, 1037330
21368, -1998, -1998, -1997, 287980, 1674050, 782180
21388, -1998, -1837, -1997, 611310, 1790180, 323960
21408, -1977, -1351, -1597, 1094170, 1709470, -25900
21428, -1169, -767, -917, 1326010, 1423870, 42840
21448, -987, -1040, -775, 1240330, 988400, 390670
21468, -1397, -1998, -1210, 1129310, 549430, 788900
21488, -1755, -1998, -1365, 966420, 301560, 1072120
21508, -1998, -1998, -1986, 648620, 310100, 1150170
21528, -1998, -1998, -1997, 181300, 226520, 1309560
21548, -1998, -1998, -1997, -170310, 169330, 1337980
21568, -1998, -1998, -1997, -416080, 315420, 1085210
21588, -1998, -1998, -1997, -730310, 391160, 899850
21608, -1998, -1998, -1997, -854350, 264320, 971600
21628, -1998, -1998, -1997, -980840, 418390, 773920
21648, -1998, -1998, -1997, -1050910, 399980, 693490
21668, -1998, -1998, -1997, -1007510, 570920, 541660
21688, -1998, -1998, -1997, -1034250, 672770, 447930
21708, -1998, -1998, -1997, -967050, 805910, 288120
21728, -1998, -1998, -1997, -962920, 947450, 161700
21748, -1998, -1998, -1997, -847140, 1061410, -41300
21768, -1998, -1998, -1997, -721980, 1169630, -267190
21788, -1998, -1998, -1997, -489300, 1240890, -482650
21808, -1998, -1998, -1997, -218750, 1257340, -699510
21828, -1998, -1998, -1997, 104370, 1228500, -893060
21848, -1998, -1998, -1997, 427840, 1068760, -1007230
21868, -1998, -1998, -1997, 705040, 862260, -1095290
21888, -1998, -1998, -1997, 897330, 607740, -1134280
21908, -1998, -1998, -1997, 1031100, 379820, -1195250
21928, -1998, -1998, -1997, 1032990, 182140, -1205190
21948, -1998, -1998, -1997, 984760, 40110, -1162140
21968, -1998, -1998, -1997, 939750, 3500, -1153670
21988, -1998, -1998, -1997, 870310, -29750, -1106630
22008, -1998, -1998, -1997, 826560, 29890, -1086820
22028, -1998, -1998, -1997, 840280, 97160, -1046640
22048, -1998, -1998, -1997, 910770, 175350, -992040
22068, -1998, -1998, -1997, 1047620, 259000, -931630
22088, -1998, -1998, -1997, 1182580, 263830, -776300
22108, -1998, -1998, -1997, 1332940, 221690, -572740
22128, -1998, -1998, -1997, 1465940, 138040, -331100
22148, -1998, -1998, -1997, 1611680, 73290, -75880
22168, -1998, -1998, -1997, 1678600, 41370, 341810
22188, -1998, -1998, -1997, 1599360, 193480, 894950
22208, -1998, -1998, -1997, 1266930, 564410, 1553650
22228, -1998, -1998, -1997, 615650, 1201480, 2027550
22248, -1998, -1998, -1997, -14770, 1981350, 1837990
22268, -1998, -1998, -1997, -46060, 2290400, 1064350
22288, -1998, -1998, -1997, 820960, 2293480, 221690
22308, -1998, -1998, -1997, 1798860, 2281580, 329210
22328, -1998, -1998, -1997, 2173570, 2019080, 1268820
22348, -1998, -1998, -1997, 1368920, 1957270, 2075360
22368, -1998, -1998, -1997, 329280, 2161950, 2176790
22388, -1998, -1998, -1997, 122500, 2291590, 1150380
22408, -1998, -1998, -1997, 663880, 2293480, 114170
22428, -1998, -1998, -1997, 1825320, 2213610, -5390
22448, -1998, -1998, -1997, 2203250, 1554070, 586740
22468, -1998, -1998, -1997, 1738030, 901390, 1459780
22488, -1998, -1998, -1997, 880600, 931980, 1982750
22508, -1998, -1998, -1997, 81900, 1204350, 1891820
22528, -1998, -1998, -1997, -522620, 1545600, 1418270
22548, -1998, -1998, -1997, -607180, 1842470, 671930
22568, -1998, -1998, -1997, -432950, 2002210, 14980
22588, -1998, -1998, -1997, 125440, 1975190, -549850
22608, -1998, -1998, -1997, 646590, 1621970, -793520
22628, -1998, -1998, -1997, 1086750, 1055950, -856870
22648, -1998, -1998, -1997, 1194970, 473340, -839300
22668, -1998, -1998, -1997, 1190980, 44380, -949620
22688, -1998, -1998, -1997, 1069180, -285460, -1120210
22708, -1998, -1998, -1997, 864010, -429800, -1423730
22728, -1998, -1998, -1997, 505330, -421680, -1630790
22748, -1998, -1998, -1997, 97300, -358120, -1683010
22768, -1998, -1998, -1997, -254240, -211330, -1634430
22788, -1998, -1998, -1997, -558670, 140, -1456630
22808, -1998, -1998, -1997, -678090, 281750, -1267140
22828, -1998, -1998, -1997, -695240, 633570, -1063930
22848, -1998, -1998, -1997, -479360, 979160, -945910
22868, -1998, -1998, -1997, -99750, 1291640, -906500
22888, -1998, -1998, -1997, 481250, 1420440, -887530
22908, -1998, -1998, -1997, 1072610, 1334550, -770420
22928, -1998, -1998, -1997, 1561280, 1037890, -487410
22948, -1998, -1998, -1997, 1829100, 673400, -9170
22968, -1998, -1998, -1997, 1817270, 474250, 621950
22988, -1998, -1998, -1997, 1501780, 563290, 1338820
23008, -1998, -1998, -1997, 863730, 980210, 1888740
23028, -1998, -1998, -1997, 147980, 1544550, 1956150
23048, -1998, -1998, -1997, -234290, 2095940, 1389780
23068, -1998, -1998, -1997, 62370, 2291590, 494760
23088, -1998, -1998, -1997, 1822170, 2134020, 228690
23108, -1998, -1998, -1997, 1984220, 1659630, 958160
23128, -1998, -1998, -1997, 1312710, 1466640, 1770860
23148, -1998, -1998, -1997, 445970, 1600200, 2111690
23168, -1998, -1998, -1997, -39900, 2044000, 1514590
23188, -1998, -1998, -1997, -163730, 2288930, 614040
23208, -1998, -1998, -1997, 572810, 2293480, -91700
23228, -1998, -1998, -1997, 1393980, 2081030, -246050
23248, -1998, -1998, -1997, 1631490, 1320270, 212800
23268, -1385, -1903, -1212, 1495620, 897330, 574070
23288, -1267, -1498, -979, 1033270, 688240, 972370
23308, -1998, -1998, -1736, 630700, 631820, 1226820
23328, -1998, -1998, -1997, 173880, 878430, 1176140
23348, -1998, -1998, -1997, -78330, 951300, 961870
23368, -1998, -1998, -1701, -200970, 822920, 1001770
23388, -1423, -1998, -1354, -257460, 897750, 711200
23408, -1662, -1998, -1477, -164010, 892080, 404180
23428, -1539, -1998, -1236, -235970, 1166830, 138530
23448, -1684, -1998, -1503, -198800, 1162280, -63140
23468, -1998, -1998, -1997, 46270, 1136240, -276360
23488, -1998, -1998, -1997, 479920, 1181460, -694540
23508, -1998, -1998, -1997, 671580, 945420, -768390
23528, -1998, -1998, -1997, 640850, 549360, -591290
23548, -1998, -1998, -1997, 973980, 295050, -818720
23568, -1998, -1998, -1997, 802550, 73360, -852180
23588, -1998, -1998, -1997, 794990, -179830, -1009820
23608, -1998, -1998, -1997, 575400, -264460, -1124130
23628, -1998, -1998, -1997, 358960, -354200, -1191610
23648, -1998, -1998, -1997, 123200, -347410, -1248870
23668, -1972, -1998, -1788, -130970, -351330, -1151500
23688, -1997, -1998, -1997, -271740, -269640, -1101940
23708, -1717, -1998, -1845, -374850, -252700, -884450
23728, -1231, -1998, -1452, -422450, -48790, -794920
23748, -1191, -1998, -1518, -470190, 126910, -625800
23768, -1456, -1998, -1687, -427280, 293720, -456470
23788, -1567, -1998, -1728, -301420, 583660, -472500
23808, -1849, -1998, -1996, -139580, 836990, -477190
23828, -1998, -1998, -1997, 124880, 963270, -425320
23848, -1998, -1998, -1997, 515690, 1067500, -464310
23868, -1998, -1998, -1997, 920640, 1087590, -457940
23888, -1998, -1998, -1997, 1263640, 875770, -211050
23908, -1998, -1998, -1997, 1500030, 621600, 138460
23928, -1998, -1998, -1997, 1476580, 421820, 611800
23948, -1998, -1998, -1997, 1315440, 333900, 1142750
23968, -1998, -1998, -1997, 956130, 507080, 1652560
23988, -1998, -1998, -1997, 344820, 964740, 1941520
24008, -1998, -1998, -1997, -238490, 1587460, 1689310
24028, -1998, -1998, -1997, -372610, 2124990, 989170
24048, -1998, -1998, -1997, 93660, 2292850, 204260
24068, -1998, -1998, -1997, 968450, 2271010, -176960
24088, -1998, -1998, -1997, 1717380, 1891330, -1400
24108, -1998, -1998, -1997, 1863400, 1219330, 574210
24128, -1998, -1998, -1997, 1559600, 832160, 1268470
24148, -1998, -1998, -1997, 963340, 819840, 1826090
24168, -1998, -1998, -1997, 209230, 1185730, 1951040
24188, -1998, -1998, -1997, -409220, 1659000, 1561910
24208, -1998, -1998, -1997, -587930, 2117010, 788200
24228, -1998, -1998, -1997, -155820, 2289770, -35140
24248, -1998, -1998, -1997, 695100, 2224460, -506730
24268, -1998, -1998, -1997, 1468880, 1629810, -376180
24288, -1998, -1998, -1997, 1687280, 903490, -75180
24308, -1998, -1998, -1997, 1552950, 313040, 320460
24328, -1998, -1998, -1997, 1344770, 28210, 566790
24348, -1998, -1998, -1997, 1068270, -169190, 783440
24368, -1998, -1998, -1997, 919590, -222950, 917280
24388, -1998, -1998, -1997, 718620, -191590, 1102640
24408, -1998, -1998, -1997, 589680, -122010, 1292620
24428, -1998, -1998, -1997, 346710, 43750, 1503180
24448, -1998, -1998, -1997, 31080, 304780, 1614900
24468, -1998, -1998, -1997, -356790, 637140, 1586270
24488, -1998, -1998, -1997, -713930, 1054550, 1361570
24508, -1998, -1998, -1997, -844270, 1520050, 905660
24528, -1998, -1998, -1997, -636720, 1931230, 298480
24548, -1998, -1998, -1997, -30310, 2197370, -304360
24568, -1998, -1998, -1997, 727860, 1974140, -532840
24588, -1998, -1998, -1997, 1344770, 1436190, -442400
24608, -1998, -1998, -1997, 1498490, 812770, -157150
24628, -1998, -1998, -1997, 1483720, 337470, 157990
24648, -1998, -1998, -1997, 1397130, 88690, 391790
24668, -1998, -1998, -1997, 1268190, -74130, 670880
24688, -1998, -1998, -1997, 1144360, -96320, 963550
24708, -1998, -1998, -1997, 899710, 14630, 1292130
24728, -1998, -1998, -1997, 544040, 226100, 1600410
24748, -1998, -1998, -1997, 94080, 515060, 1779890
24768, -1998, -1998, -1997, -394590, 946680, 1684130
24788, -1998, -1998, -1997, -726810, 1437940, 1280020
24808, -1998, -1998, -1997, -684040, 1941380, 619500
24828, -1998, -1998, -1997, -220640, 2251340, -39760
24848, -1998, -1998, -1997, 1281770, 1642480, -408730
24868, -1998, -1998, -1997, 1596560, 1002680, -121030
24888, -1998, -1998, -1997, 1571500, 509810, 258300
24908, -1998, -1998, -1997, 1484770, 225680, 634270
24928, -1998, -1998, -1997, 1258320, 161210, 1010240
24948, -1998, -1998, -1997, 948780, 244580, 1386420
24968, -1998, -1998, -1997, 480340, 493430, 1667890
24988, -1998, -1998, -1997, -45430, 796600, 1749160
25008, -1998, -1998, -1997, -542990, 1229480, 1493240
25028, -1998, -1998, -1997, -774620, 1685810, 951090
25048, -1998, -1998, -1997, -612780, 2089010, 269990
25068, -1998, -1998, -1997, 80850, 2161950, -307650
25088, -1998, -1998, -1997, 812280, 1897280, -565950
25108, -1998, -1998, -1997, 1325520, 1253280, -401240
25128, -1998, -1998, -1997, 1496040, 727650, -221130
25148, -1998, -1998, -1997, 1489320, 201530, 75250
25168, -1998, -1998, -1997, 1484420, -24500, 234080
25188, -1998, -1998, -1997, 1329510, -200550, 522550
25208, -1998, -1998, -1997, 1220450, -171850, 705250
25228, -1998, -1998, -1997, 974610, -104510, 995610
25248, -1998, -1998, -1997, 771610, -5040, 1280720
25268, -1998, -1998, -1997, 506170, 142730, 1591310
25288, -1998, -1998, -1997, 64820, 426930, 1756440
25308, -1998, -1998, -1997, -400610, 840560, 1642970
25328, -1998, -1998, -1997, -680120, 1232700, 1251810
25348, -1998, -1998, -1997, -571200, 1497580, 730380
25368, -1998, -1998, -1997, -188930, 1668940, 223790
25388, -1998, -1998, -1997, 147560, 1772680, -105630
25408, -1998, -1998, -1997, 799050, 1578640, -308070
25428, -1998, -1998, -1997, 1259300, 1336230, -287000
25448, -1342, -1998, -1841, 1204210, 977830, 66710
25468, -853, -764, -848, 1352470, 613620, 418740
25488, -549, -130, -560, 1166270, 734790, 617050
25508, -690, 109, -524, 929600, 798140, 830340
25528, -1166, -349, -809, 651000, 975030, 1038590
25548, -1998, -1998, -1997, 252070, 1198610, 1143660
25568, -1998, -1998, -1857, -144410, 1610350, 836290
25588, -1915, -1998, -1881, 158340, 1770650, 267610
25608, -1998, -1998, -1997, 35070, 1655710, 416920
25628, -1884, -1998, -1901, 331380, 1657880, -6580
25648, -1998, -1998, -1525, 1286180, 1143310, -337890
25668, -1777, -1998, -1883, 859390, 1273160, -244230
25688, -1686, -1998, -1955, 935060, 512960, 56840
25708, -1719, -1998, -1155, 1180200, 143850, 176610
25728, -1655, -1998, -1938, 808780, 263130, 128240
25748, -1642, -1998, -1470, 625310, -166530, 359100
25768, -1555, -1998, -1391, 583940, -163660, 334740
25788, -1998, -1998, -1997, 458920, -247450, 337540
25808, -1700, -1998, -1753, 231770, -263270, 398650
25828, -1327, -1998, -1297, 361830, -315420, 263130
25848, -1195, -1998, -1129, 426650, -392630, 254450
25868, -1027, -1998, -1157, 306180, -376250, 278950
25888, -1061, -1998, -1019, 427070, -441070, 222250
25908, -979, -1998, -1048, 528010, -477540, 235550
25928, -966, -1998, -1075, 467670, -541870, 345030
25948, -954, -1998, -1044, 471520, -524580, 403060
25968, -1367, -1998, -1409, 529970, -468790, 425110
25988, -1998, -1998, -1997, 511700, -455490, 551600
26008, -1504, -1998, -1693, 442960, -452270, 753550
26028, -1414, -1998, -1336, 516530, -335860, 801430
26048, -1998, -1998, -1997, 449960, -173460, 924980
26068, -1998, -1998, -1997, 131390, 7210, 1158570
26088, -1998, -1998, -1997, 64120, 168700, 1205050
26108, -1998, -1998, -1997, -153860, 391650, 1312220
26128, -1998, -1998, -1997, -505120, 662480, 1277640
26148, -1998, -1998, -1997, -648830, 1020320, 1051330
26168, -1998, -1998, -1997, -739200, 1391460, 765660
26188, -1998, -1998, -1997, -459900, 1832110, 173460
26208, -1998, -1998, -1997, -29330, 1992900, -240940
26228, -1998, -1998, -1997, 699580, 1959860, -521500
26248, -1998, -1998, -1997, 1261610, 1465240, -428190
26268, -1998, -1998, -1997, 1608600, 954870, -239190
26288, -1998, -1998, -1997, 1621060, 405580, 171430
26308, -1998, -1998, -1997, 1558270, 103880, 470260
26328, -1998, -1998, -1997, 1346520, -57750, 864290
26348, -1998, -1998, -1997, 1127210, -14490, 1215130
26368, -1998, -1998, -1997, 780360, 129710, 1610280
26388, -1998, -1998, -1997, 299530, 456750, 1865220
26408, -1998, -1998, -1997, -242340, 914970, 1852410
26428, -1998, -1998, -1997, -620760, 1480360, 1432480
26448, -1998, -1998, -1997, -569660, 2044980, 667870
26468, -1998, -1998, -1997, -142940, 2290190, 35140
26488, -1998, -1998, -1997, 748370, 2239580, -410130
26508, -1998, -1998, -1997, 1399370, 1672790, -272720
26528, -1998, -1998, -1997, 1677620, 1058470, 30240
26548, -1998, -1998, -1997, 1513960, 518070, 517860
26568, -1998, -1998, -1997, 1337700, 305410, 859110
26588, -1998, -1998, -1997, 659120, 342160, 1588090
26608, -1998, -1998, -1997, 145530, 622440, 1780590
26628, -1998, -1998, -1997, -366450, 1017100, 1658300
26648, -1998, -1998, -1997, -735700, 1458100, 1234100
26668, -1998, -1998, -1997, -724570, 1903510, 579810
26688, -1998, -1998, -1997, -234710, 2113580, -50960
26708, -1998, -1998, -1997, 504770, 2099930, -517230
26728, -1998, -1998, -1997, 1126650, 1597050, -502110
26748, -1998, -1998, -1997, 1461530, 994070, -353220
26768, -1998, -1998, -1997, 1398670, 388570, -48790
26788, -1998, -1998, -1997, 1334620, 21350, 105840
26808, -1998, -1998, -1997, 1200080, -234710, 232260
26828, -1998, -1998, -1997, 1197770, -381780, 273560
26848, -1998, -1998, -1997, 1169280, -455630, 364210
26868, -1998, -1998, -1997, 1160530, -472920, 464380
26888, -1998, -1998, -1997, 1102570, -451220, 617120
26908, -1998, -1998, -1997, 1077440, -405650, 797860
26928, -1998, -1998, -1997, 963340, -310170, 1063720
26948, -1998, -1998, -1997, 794220, -99050, 1333290
26968, -1998, -1998, -1997, 488530, 233870, 1588860
26988, -1998, -1998, -1997, 46200, 705600, 1677130
27008, -1998, -1998, -1997, -294700, 1192520, 1487290
27028, -1998, -1998, -1997, -425880, 1699460, 963060
27048, -1998, -1998, -1997, -245980, 1970360, 444010
27068, -1998, -1998, -1997, 490140, 2134720, -108430
27088, -1998, -1998, -1997, 1027530, 2098320, -285390
27108, -1998, -1998, -1997, 1521520, 1511090, 44590
27128, -1998, -1998, -1997, 1697920, 1124200, 378420
27148, -1998, -1998, -1997, 1370600, 744520, 1003940
27168, -1998, -1998, -1997, 1024590, 702800, 1427230
27188, -1998, -1998, -1997, 388850, 933240, 1683360
27208, -1998, -1998, -1997, -148680, 1213030, 1608810
27228, -1998, -1998, -1997, -538370, 1678250, 1113490
27248, -1998, -1998, -1997, -531230, 1980860, 462700
27268, -1998, -1998, -1997, -71750, 2149140, -163660
27288, -1998, -1998, -1997, 593250, 1854510, -461720
27308, -1998, -1998, -1997, 1136450, 1354570, -495810
27328, -1998, -1998, -1997, 1293530, 754460, -336420
27348, -1998, -1998, -1997, 1292690, 258230, -175770
27368, -1998, -1998, -1997, 1208900, -66010, -113610
27388, -1998, -1998, -1997, 1120840, -317380, -115290
27408, -1998, -1998, -1997, 1068830, -475090, -192080
27428, -1998, -1998, -1997, 1042790, -588700, -281540
27448, -1998, -1998, -1997, 1034110, -661080, -423500
27468, -1998, -1998, -1997, 988540, -685090, -555030
27488, -1998, -1998, -1997, 999040, -663740, -718340
27508, -1998, -1998, -1997, 975450, -577360, -900830
27528, -1998, -1998, -1997, 943880, -454580, -1056160
27548, -1998, -1998, -1997, 906290, -292040, -1157660
27568, -1998, -1998, -1997, 863660, -118160, -1173900
27588, -1998, -1998, -1997, 857080, -8330, -1034180
27608, -1998, -1998, -1997, 973420, 166180, -941080
27628, -1998, -1998, -1997, 1077790, 214480, -717360
27648, -1998, -1998, -1997, 1266090, 322210, -555310
27668, -1998, -1998, -1997, 1397830, 313320, -224350
27688, -1998, -1998, -1997, 1531950, 334950, 148330
27708, -1998, -1998, -1997, 1491350, 387870, 689920
27728, -1998, -1998, -1997, 1295000, 598220, 1306130
27748, -1998, -1998, -1997, 767340, 1066800, 1890770
27768, -1998, -1998, -1997, 55650, 1807750, 1990100
27788, -1998, -1998, -1997, -241010, 2267930, 1314880
27808, -1998, -1998, -1997, 481180, 2293480, 297150
27828, -1998, -1998, -1997, 1807190, 2293480, 162400
27848, -1998, -1998, -1997, 2222360, 2151870, 1229060
27868, -1998, -1998, -1997, 1440110, 2004450, 2184560
27888, -1998, -1998, -1997, 313810, 2273670, 2157890
27908, -1998, -1998, -1997, 225750, 2293480, 1123850
27928, -1998, -1998, -1997, 1072750, 2293480, 252070
27948, -1998, -1998, -1997, 1963780, 2185540, 465500
27968, -1998, -1998, -1997, 2018800, 1660610, 1162560
27988, -1998, -1998, -1997, 1224930, 1379490, 1893150
28008, -1998, -1998, -1997, 415100, 1534820, 2066610
28028, -1998, -1998, -1997, -182840, 2040080, 1381800
28048, -1998, -1998, -1997, -250670, 2286550, 565670
28068, -1998, -1998, -1997, 387590, 2289350, -192640
28088, -1998, -1998, -1997, 1163050, 2000110, -454160
28108, -1998, -1998, -1997, 1627640, 1202040, -316050
28128, -1998, -1998, -1997, 1549870, 437990, -11340
28148, -1998, -1998, -1997, 1421630, -79170, 139650
28168, -1998, -1998, -1997, 1157450, -444640, 211470
28188, -1998, -1998, -1997, 1022000, -664370, 79730
28208, -1998, -1998, -1997, 911610, -864710, -46340
28228, -1998, -1998, -1997, 911820, -940100, -346990
28248, -1998, -1998, -1997, 834470, -1011850, -663110
28268, -1998, -1998, -1997, 700280, -937160, -1054970
28288, -1998, -1998, -1997, 449820, -827680, -1333850
28308, -1998, -1998, -1997, 136010, -588910, -1523900
28328, -1998, -1998, -1997, -128660, 70000, -1502340
28348, -1998, -1998, -1997, -387730, 414120, -1314950
28368, -1998, -1998, -1997, -237300, 778120, -1160670
28388, -1998, -1998, -1997, 94290, 1051050, -1012620
28408, -1998, -1998, -1997, 585760, 1161020, -860090
28428, -1998, -1998, -1997, 1050980, 1143940, -658700
28448, -1998, -1998, -1997, 1395520, 913430, -270970
28468, -1998, -1998, -1997, 1562750, 710850, 158130
28488, -1998, -1998, -1997, 1512770, 582890, 707350
28508, -1998, -1998, -1997, 1301090, 666470, 1262940
28528, -1998, -1998, -1997, 797930, 956270, 1765120
28548, -1998, -1998, -1997, 173320, 1500310, 1879780
28568, -1998, -1998, -1997, -217700, 2086070, 1404200
28588, -1998, -1998, -1997, 66150, 2291380, 576590
28608, -1998, -1998, -1997, 1054480, 2293480, -31220
28628, -1998, -1998, -1997, 1980790, 2125270, 296870
28648, -1998, -1998, -1997, 2113720, 1588020, 1177610
28668, -1998, -1998, -1997, 1278340, 1458730, 2070320
28688, -1998, -1998, -1997, 342440, 1962170, 2113020
28708, -1998, -1998, -1997, -239750, 2289140, 1367660
28728, -1998, -1998, -1997, 332430, 2293480, 347760
28748, -1998, -1998, -1997, 1163960, 2250430, -73920
28768, -1998, -1998, -1997, 1820700, 1716610, 249620
28788, -1998, -1998, -1997, 1798720, 1094100, 701050
28808, -1998, -1998, -1997, 1316630, 640990, 1311520
28828, -1998, -1998, -1997, 843780, 611450, 1615390
28848, -1998, -1998, -1997, 156450, 768110, 1703590
28868, -1998, -1998, -1997, -287770, 1041600, 1465730
28888, -1998, -1998, -1997, -704690, 1371300, 1073870
28908, -1998, -1998, -1997, -743190, 1665160, 526750
28928, -1998, -1998, -1997, -531020, 1888250, -55510
28948, -1998, -1998, -1997, -16870, 1899380, -536410
28968, -1998, -1998, -1997, 541100, 1565130, -707350
28988, -1998, -1998, -1997, 959700, 1104110, -777910
29008, -1998, -1998, -1997, 1034530, 534590, -688520
29028, -1998, -1998, -1997, 1035720, 139370, -698320
29048, -1998, -1998, -1997, 925750, -161630, -735630
29068, -1998, -1998, -1997, 841820, -340760, -941010
29088, -1998, -1998, -1997, 637350, -443520, -1102640
29108, -1998, -1998, -1997, 420350, -404390, -1281210
29128, -1998, -1998, -1997, 143990, -331800, -1347710
29148, -1998, -1998, -1997, -100870, -202510, -1332030
29168, -1998, -1998, -1997, -238140, -48160, -1275890
29188, -1998, -1998, -1997, -344260, 241430, -1224440
29208, -1998, -1998, -1997, -287000, 449750, -1083110
29228, -1998, -1998, -1997, -121520, 727790, -999740
29248, -1998, -1998, -1997, 156870, 885080, -867020
29268, -1998, -1998, -1997, 562870, 990990, -781270
29288, -1998, -1998, -1997, 850570, 1049440, -622370
29308, -1998, -1998, -1997, 1188320, 928410, -358470
29328, -1998, -1998, -1997, 1357370, 781760, -8050
29348, -1998, -1998, -1997, 1398180, 592690, 439530
29368, -1998, -1998, -1997, 1306410, 555940, 882070
29388, -1998, -1998, -1997, 981610, 654780, 1355480
29408, -1998, -1998, -1997, 542850, 957950, 1657950
29428, -1998, -1998, -1997, -27300, 1430450, 1619100
29448, -1998, -1998, -1997, -290990, 1925560, 1166900
29468, -1998, -1998, -1997, -57470, 2268140, 461090
29488, -1998, -1998, -1997, 772450, 2293480, -128380
29508, -1998, -1998, -1997, 1676220, 2094190, -66360
29528, -1998, -1998, -1997, 2102450, 1461460, 565670
29548, -1998, -1998, -1997, 1731590, 1060850, 1457470
29568, -1998, -1998, -1997, 949900, 1273440, 2001160
29588, -1998, -1998, -1997, 10850, 1753360, 1918840
29608, -1998, -1998, -1997, -287630, 2134930, 1231020
29628, -1998, -1998, -1997, 39620, 2293480, 277550
29648, -1998, -1998, -1997, 779450, 2258900, -210280
29668, -1998, -1998, -1997, 1570030, 1809430, -117040
29688, -1998, -1998, -1997, 1745730, 1099210, 250600
29708, -1998, -1998, -1997, 1518440, 553140, 748650
29728, -1998, -1998, -1997, 1213730, 299320, 1111950
29748, -1998, -1998, -1997, 765380, 353010, 1325520
29768, -1998, -1998, -1997, 244790, 369880, 1538600
29788, -1998, -1998, -1997, -56420, 450450, 1584660
29808, -1998, -1998, -1997, -520940, 660590, 1430030
29828, -1998, -1998, -1997, -740040, 929950, 1126090
29848, -1998, -1998, -1997, -801570, 1160110, 803950
29868, -1998, -1998, -1997, -550550, 1468320, 247870
29888, -1998, -1998, -1997, -425110, 1589070, -48650
29908, -1998, -1998, -1997, 165340, 1636110, -479150
29928, -1998, -1998, -1997, 464730, 1574090, -660800
29948, -1998, -1998, -1997, 927640, 1150380, -640290
29968, -1998, -1998, -1997, 1112090, 839650, -626500
29988, -1998, -1998, -1997, 1167530, 321930, -473760
30008, -1998, -1998, -1997, 1137990, 70840, -470890
30028, -1998, -1998, -1997, 1046990, -255220, -437150
30048, -1998, -1998, -1997, 994000, -422730, -544670
30068, -1998, -1998, -1997, 998620, -566580, -710010
30088, -1998, -1998, -1997, 844480, -493570, -1188740
30108, -1998, -1998, -1997, 693560, -339360, -1327620
30128, -1998, -1998, -1997, 550200, -156100, -1319360
30148, -1998, -1998, -1997, 485870, 55300, -1262590
30168, -1998, -1998, -1997, 543130, 244790, -1188600
30188, -1998, -1998, -1997, 626010, 404110, -1047340
30208, -1998, -1998, -1997, 843640, 517650, -942690
30228, -1998, -1998, -1997, 1015770, 563430, -725270
30248, -1998, -1998, -1997, 1278760, 540540, -498120
30268, -1998, -1998, -1997, 1428000, 456330, -145110
30288, -1998, -1998, -1997, 1525650, 408940, 276570
30308, -1998, -1998, -1997, 1431850, 401450, 864220
30328, -1998, -1998, -1997, 1197490, 595630, 1488830
30348, -1998, -1998, -1997, 631680, 1067990, 2015300
30368, -1998, -1998, -1997, -68600, 1788990, 1981980
30388, -1998, -1998, -1997, -304990, 2266110, 1218980
30408, -1998, -1998, -1997, 520590, 2293480, 284340
30428, -1998, -1998, -1997, 1696940, 2288020, 212170
30448, -1998, -1998, -1997, 2213330, 2110570, 1164730
30468, -1998, -1998, -1997, 1434580, 1994860, 2043440
30488, -1998, -1998, -1997, 387240, 2145220, 2189670
30508, -1998, -1998, -1997, 131950, 2291030, 1243760
30528, -1998, -1998, -1997, 634900, 2293480, 245770
30548, -1998, -1998, -1997, 1718220, 2243150, 135800
30568, -1998, -1998, -1997, 2067590, 1728090, 686000
30588, -1998, -1998, -1997, 1484140, 1122660, 1493240
30608, -1998, -1998, -1997, 843570, 1044820, 1958390
30628, -1998, -1998, -1997, -31640, 1364650, 1874180
30648, -1998, -1998, -1997, -517790, 1690850, 1320060
30668, -1998, -1998, -1997, -585270, 2068500, 590870
30688, -1998, -1998, -1997, -85260, 2153340, -93170
30708, -1998, -1998, -1997, 560700, 1934100, -504280
30728, -1998, -1998, -1997, 1064910, 1386000, -529970
30748, -1998, -1998, -1997, 1307600, 803530, -480550
30768, -1998, -1998, -1997, 1285620, 245140, -365820
30788, -1998, -1998, -1997, 1240680, -122710, -356300
30808, -1998, -1998, -1997, 1127140, -432250, -429520
30828, -1998, -1998, -1997, 973210, -606340, -620550
30848, -1998, -1998, -1997, 808150, -707000, -868000
30868, -1998, -1998, -1997, 562030, -753970, -1085280
30888, -1998, -1998, -1997, 399070, -636510, -1416940
30908, -1998, -1998, -1997, 54600, -439530, -1584240
30928, -1998, -1998, -1997, -280140, -181860, -1613570
30948, -1998, -1998, -1997, -549570, 19320, -1408680
30968, -1998, -1998, -1997, -620060, 264810, -1164380
30988, -1998, -1998, -1997, -512540, 574770, -957530
31008, -1998, -1998, -1997, -291760, 889630, -779100
31028, -1998, -1998, -1997, 120820, 1201620, -735840
31048, -1998, -1998, -1997, 604730, 1283590, -655060
31068, -1998, -1998, -1997, 1116080, 1294020, -517090
31088, -1998, -1998, -1997, 1482810, 1060290, -120750
31108, -1998, -1998, -1997, 1645000, 836850, 391790
31128, -1998, -1998, -1997, 1453550, 740740, 1029070
31148, -1998, -1998, -1997, 1048530, 890750, 1591170
31168, -1998, -1998, -1997, 349230, 1369620, 1902810
31188, -1998, -1998, -1997, -219170, 1923040, 1662920
31208, -1998, -1998, -1997, -249130, 2274650, 831880
31228, -1998, -1998, -1997, 486990, 2293480, 5740
31248, -1998, -1998, -1997, 1553370, 2244480, -65940
31268, -1998, -1998, -1997, 1958320, 1716540, 602210
31288, -1998, -1998, -1997, 1706110, 1268540, 1428630
31308, -1998, -1998, -1997, 836500, 1417080, 2062270
31328, -1998, -1998, -1997, 145040, 1772330, 1926050
31348, -1998, -1998, -1997, -289030, 2249100, 1132180
31368, -1998, -1998, -1997, 132650, 2293480, 314160
31388, -1998, -1998, -1997, 1036140, 2259810, -244020
31408, -1998, -1998, -1997, 1657390, 1720390, -35210
31428, -1998, -1998, -1997, 1830990, 1005760, 379120
31448, -1998, -1998, -1997, 1459430, 442190, 1010030
31468, -1998, -1998, -1997, 1245090, 226940, 1349040
31488, -1998, -1998, -1997, 659260, 239050, 1734110
31508, -1998, -1998, -1997, 184170, 503930, 1779190
31528, -1998, -1998, -1997, -308490, 821100, 1680700
31548, -1998, -1998, -1997, -691040, 1290590, 1296610
31568, -1998, -1998, -1997, -713860, 1654170, 758170
31588, -1998, -1998, -1997, -526820, 1955800, 140840
31608, -1998, -1998, -1997, 33600, 1991920, -389270
31628, -1998, -1998, -1997, 622020, 1771700, -643510
31648, -1998, -1998, -1997, 1174040, 1256780, -672280
31668, -1998, -1998, -1997, 1345050, 715260, -564550
31688, -1998, -1998, -1997, 1353030, 197890, -445900
31708, -1998, -1998, -1997, 1235710, -195510, -323540
31728, -1998, -1998, -1997, 1299480, -415870, -531580
31748, -1998, -1998, -1997, 1167320, -634200, -652260
31768, -1998, -1998, -1997, 1094170, -626500, -982940
31788, -1998, -1998, -1997, 800940, -635180, -1134000
31808, -1998, -1998, -1997, 634200, -561120, -1226750
31828, -1998, -1998, -1997, 429450, -50050, -1364440
31848, -1998, -1998, -1997, 412650, 245910, -1335180
31868, -1998, -1998, -1997, 452270, 370930, -1185730
31888, -1998, -1998, -1997, 603890, 472920, -1084300
31908, -1998, -1998, -1997, 712600, 532560, -936180
31928, -1998, -1998, -1997, 940870, 510580, -816620
31948, -1998, -1998, -1997, 1124270, 493290, -685930
31968, -1396, -1998, -1939, 1336020, 388710, -473130
31988, -1998, -1998, -1997, 1409310, 337960, -152460
32008, -1998, -1998, -1997, 1496460, 192080, 322910
32028, -1998, -1998, -1997, 1454320, 362460, 660870
32048, -1633, -1998, -1714, 1083250, 326200, 1346030
32068, -1998, -1998, -1997, 988680, 878220, 1355410
32088, -1998, -1998, -1997, -98630, 1510320, 1556520
32108, -1998, -1998, -1997, -129570, 1572270, 1399370
32128, -1998, -1998, -1997, 84280, 2129960, 715960
32148, -1998, -1998, -1997, 637280, 2293270, 198730
32168, -1957, 133, -1827, 1244740, 2275210, 403340
32188, -1264, 1226, -1050, 1646050, 1935080, 868140
32208, -1655, 1434, -970, 1413860, 1700230, 1401890
32228, -1974, 866, -992, 743470, 1885730, 1707720
32248, -1958, -190, -1263, 49560, 1902180, 1713390
32268, -1998, -1970, -1997, -161770, 1621200, 1458940
32288, -1998, -1636, -1997, 1106630, 1057070, 880320
32308, -1998, -950, -1997, 2172800, 1276590, 238350
32328, -1232, 36, -205, 1421910, 2236500, -198380
32348, -1491, -418, -775, 877870, 1898260, 406420
32368, -1998, -1998, -1997, 105700, 978950, 1718990
32388, -1465, -1554, -1581, 454230, 489090, 1785140
32408, -1998, -1998, -1783, 1046430, 967470, 882560
32428, -1998, -1998, -1997, -30800, 1985130, 535570
32448, -1998, -1998, -1997, -455980, 1697850, 437570
32468, -1998, -1998, -1997, 276780, 1175090, 351190
32488, -1998, -1998, -1997, 451640, 1777860, -431410
32508, -1998, -1998, -1997, 461580, 1057210, -280770
32528, -1998, -1998, -1992, 613340, 875210, -323330
32548, -1998, -1998, -1997, 928760, 509460, -495320
32568, -1869, -1998, -1872, 421890, 343910, -379890
32588, -1287, -1998, -961, 729050, -60060, -441490
32608, -1744, -1998, -1547, 637490, -193760, -498750
32628, -1998, -1998, -1997, 291550, -253190, -466900
32648, -1998, -1998, -1613, 517440, -378070, -719040
32668, -1998, -1998, -1997, 487900, -392210, -926800
32688, -1998, -1998, -1997, 117320, -444010, -883680
32708, -1998, -1998, -1808, 154700, -310520, -1199940
32728, -1998, -1998, -1997, -31990, -268030, -1272600
32748, -1998, -1998, -1997, -347900, -234080, -1185310
32768, -1998, -1998, -1997, -420070, 7910, -1320480
32788, -1998, -1998, -1997, -628250, 71680, -1102010
32808, -1998, -1998, -1997, -664300, 349790, -1067850
32828, -1998, -1998, -1997, -759640, 562100, -909440
32848, -1998, -1998, -1997, -655060, 797930, -858900
32868, -1998, -1998, -1997, -529410, 982520, -815220
32888, -1998, -1998, -1997, -197890, 1124060, -858900
32908, -1998, -1998, -1997, 97020, 1114750, -798630
32928, -1998, -1998, -1997, 538510, 1051400, -812910
32948, -1998, -1998, -1997, 854910, 900620, -676760
32968, -1998, -1998, -1997, 1176350, 788410, -561470
32988, -1998, -1998, -1997, 1346520, 559930, -255290
33008, -1998, -1998, -1997, 1514590, 415800, 7560
33028, -1998, -1998, -1997, 1481830, 245070, 439950
33048, -1998, -1998, -1997, 1374170, 248430, 835450
33068, -1998, -1998, -1997, 1038170, 346500, 1339520
33088, -1998, -1998, -1997, 638260, 635180, 1742230
33108, -1998, -1998, -1997, 4270, 1139600, 1919680
33128, -1998, -1998, -1997, -470400, 1776880, 1543220
33148, -1998, -1998, -1997, -503650, 2259390, 746760
33168, -1998, -1998, -1997, 220360, 2293480, -31500
33188, -1998, -1998, -1997, 1276870, 2188970, -151970
33208, -1998, -1998, -1997, 1918560, 1707790, 233100
33228, -1998, -1998, -1997, 1704150, 1120700, 1044260
33248, -1998, -1998, -1997, 1237040, 1069460, 1647940
33268, -1998, -1998, -1997, 397040, 1322510, 1945300
33288, -1998, -1998, -1997, -98840, 1778140, 1588440
33308, -1998, -1998, -1997, -286300, 2235240, 862750
33328, -1998, -1998, -1997, 164990, 2293480, 137270
33348, -1998, -1998, -1997, 992110, 2235940, -264950
33368, -1998, -1998, -1997, 1634500, 1667750, -117530
33388, -1998, -1998, -1997, 1811390, 912380, 261870
33408, -1998, -1998, -1997, 1611330, 306180, 749700
33428, -1998, -1998, -1997, 1310750, 65450, 1110620
33448, -1998, -1998, -1997, 930860, 74270, 1402730
33468, -1998, -1998, -1997, 429450, 344820, 1547630
33488, -1998, -1998, -1997, 4480, 597240, 1619590
33508, -1998, -1998, -1997, -397180, 1028300, 1442770
33528, -1998, -1998, -1997, -589890, 1378860, 1059660
33548, -1998, -1998, -1997, -565390, 1750420, 526120
33568, -1998, -1998, -1997, -229950, 1937110, -376740
33588, -1998, -1998, -1997, 910840, 1613570, -508340
33608, -1998, -1998, -1997, 1325450, 1132320, -432950
33628, -1998, -1998, -1997, 1460410, 543200, -199990
33648, -1998, -1998, -1997, 1487500, 91700, -63770
33668, -1998, -1998, -1997, 1394400, -285250, 62160
33688, -1998, -1998, -1997, 1336370, -507500, 71960
33708, -1998, -1998, -1997, 1265040, -596820, 61180
33728, -1998, -1998, -1997, 1075690, -628810, 121660
33748, -1998, -1998, -1997, 1153950, -631260, 61250
33768, -1998, -1998, -1997, 1050910, -611100, 150850
33788, -1998, -1998, -1997, 1138340, -504350, 110180
33808, -1998, -1998, -1997, 1110970, -493500, 264040
33828, -1998, -1998, -1997, 1179150, -320880, 317940
33848, -1998, -1998, -1997, 1136800, -235760, 587020
33868, -1998, -1998, -1997, 1111460, -24850, 846440
33888, -1998, -1998, -1997, 893690, 217000, 1276520
33908, -1998, -1998, -1997, 546420, 581140, 1665440
33928, -1998, -1998, -1997, 7070, 1109850, 1835540
33948, -1998, -1998, -1997, -466620, 1781990, 1512980
33968, -1998, -1998, -1997, -424340, 2257990, 729470
33988, -1998, -1998, -1997, 379960, 2293480, -37730
34008, -1998, -1998, -1997, 1496460, 2192470, -8330
34028, -1998, -1998, -1997, 2109170, 1784580, 545370
34048, -1998, -1998, -1997, 1570240, 1309560, 1518580
34068, -1998, -1998, -1997, 950670, 1417850, 2041340
34088, -1998, -1998, -1997, -840, 1956640, 1904420
34108, -1998, -1998, -1997, -177100, 2238250, 1117480
34128, -1998, -1998, -1997, 229390, 2293480, 229390
34148, -1998, -1998, -1997, 1179220, 2263240, -173250
34168, -1998, -1998, -1997, 1813070, 1696590, 122920
34188, -1998, -1998, -1997, 1824270, 944860, 656390
34208, -1998, -1998, -1997, 1446480, 480620, 1251810
34228, -1998, -1998, -1997, 931140, 424830, 1635550
34248, -1998, -1998, -1997, 301490, 594510, 1836730
34268, -1998, -1998, -1997, -253330, 949970, 1699460
34288, -1998, -1998, -1997, -513940, 1394750, 1173900
34308, -1998, -1998, -1997, -696150, 1735440, 688030
34328, -1998, -1998, -1997, -252910, 1946490, 54950
34348, -1998, -1998, -1997, 150220, 1932070, -360290
34368, -1998, -1998, -1997, 781760, 1555820, -545160
34388, -1998, -1998, -1997, 1082830, 1130500, -547820
34408, -1998, -1998, -1997, 1221990, 587370, -469000
34428, -1998, -1998, -1997, 1233470, 186690, -372050
34448, -1998, -1998, -1997, 1169000, -154350, -368900
34468, -1998, -1998, -1997, 1103480, -447580, -405580
34488, -1998, -1998, -1997, 1057210, -602420, -621040
34508, -1998, -1998, -1997, 949410, -727020, -861140
34528, -1998, -1998, -1997, 780710, -699580, -1146320
34548, -1998, -1998, -1997, 546630, -567140, -1361010
34568, -1998, -1998, -1997, 288750, -428890, -1392860
34588, -1998, -1998, -1997, 103880, -150570, -1413580
34608, -1998, -1998, -1997, -6440, 52570, -1275680
34628, -1998, -1998, -1997, 11480, 334810, -1156190
34648, -1998, -1998, -1997, 147700, 553280, -1043700
34668, -1998, -1998, -1997, 391860, 817740, -969010
34688, -1998, -1998, -1997, 731990, 945140, -840700
34708, -1998, -1998, -1997, 1135190, 938140, -649250
34728, -1998, -1998, -1997, 1427300, 772310, -296660
34748, -1998, -1998, -1997, 1570870, 582680, 139510
34768, -1998, -1998, -1997, 1389290, 399910, 759990
34788, -1998, -1998, -1997, 1447950, 398580, 1215690
34808, -1998, -1998, -1997, 767130, 717570, 1842540
34828, -1998, -1998, -1997, 310170, 1267560, 1885450
34848, -1998, -1998, -1997, -321860, 1862770, 1597050
34868, -1998, -1998, -1997, 165130, 2172870, 725270
34888, -1998, -1998, -1997, 596680, 2292850, 134190
34908, -1998, -1998, -1997, 1464330, 2058700, 352870
34928, -1998, -1998, -1997, 2022440, 1754200, 737870
34948, -1998, -1998, -1997, 1486450, 1498840, 1451450
34968, -1998, -1998, -1997, 833280, 1448510, 2039870
34988, -1998, -1998, -1997, 308770, 1900080, 1760920
35008, -1998, -1998, -1997, -52430, 2265970, 1042930
35028, -1998, -1998, -1997, 415730, 2293480, 462140
35048, -1998, -1998, -1997, 1131970, 2208920, 41510
35068, -1998, -1998, -1997, 1567650, 1613570, 228970
35088, -1998, -1998, -1997, 1616090, 973000, 608860
35108, -1998, -1998, -1997, 1456420, 548170, 1013320
35128, -1998, -1998, -1997, 892290, 403480, 1385230
35148, -1998, -1998, -1997, 452270, 450870, 1522430
35168, -1998, -1998, -1997, -28000, 562240, 1543290
35188, -1998, -1998, -1997, -371070, 807310, 1317610
35208, -1998, -1998, -1997, -619430, 1051680, 981190
35228, -1998, -1998, -1997, -736890, 1233610, 687260
35248, -1998, -1998, -1997, -593530, 1445990, 229320
35268, -1998, -1998, -1997, -447160, 1534330, -128310
35288, -1998, -1998, -1997, -23030, 1474270, -459340
35308, -1998, -1998, -1997, 285950, 1336300, -675710
35328, -1998, -1998, -1997, 794780, 730730, -847910
35348, -1998, -1998, -1997, 836710, 352310, -800940
35368, -1998, -1998, -1997, 840280, 80500, -836990
35388, -1998, -1998, -1997, 830620, -106540, -1029490
35408, -1998, -1998, -1997, 720230, -211540, -1269520
35428, -1998, -1998, -1997, 508200, -236460, -1473290
35448, -1998, -1998, -1997, 178010, -273350, -1507310
35468, -1998, -1998, -1997, -114590, -256480, -1433600
35488, -1998, -1998, -1997, -316330, -43190, -1412600
35508, -1998, -1998, -1997, -469700, 127610, -1183840
35528, -1998, -1998, -1997, -448770, 515060, -1105020
35548, -1998, -1998, -1997, -316960, 723240, -903490
35568, -1998, -1998, -1997, -28980, 1081780, -866950
35588, -1998, -1998, -1997, 347480, 1087450, -738780
35608, -1998, -1998, -1997, 789250, 1158290, -714770
35628, -1998, -1998, -1997, 1167460, 945210, -463540
35648, -1998, -1998, -1997, 1411130, 756770, -190610
35668, -1998, -1998, -1997, 1450750, 453810, 346080
35688, -1998, -1998, -1997, 1605730, 436240, 674450
35708, -1998, -1998, -1997, 1136590, 462000, 1367800
35728, -1998, -1998, -1997, 832090, 786380, 1698130
35748, -1998, -1998, -1997, 13020, 1237040, 1902950
35768, -1998, -1998, -1997, -83300, 1611960, 1486800
35788, -1998, -1998, -1997, 309680, 2169650, 441840
35808, -1998, -1998, -1997, 393120, 2291450, 149730
35828, -1998, -1998, -1997, 1422050, 1951670, 384090
35848, -1998, -1998, -1997, 2068920, 1985060, 467250
35868, -1998, -1998, -1997, 1309910, 1603980, 1352680
35888, -1998, -1998, -1997, 840000, 1323280, 2035390
35908, -1998, -1998, -1997, 609770, 1845480, 1643950
35928, -1998, -1998, -1997, 19250, 2261000, 951580
35948, -1998, -1998, -1997, 347970, 2286410, 486570
35968, -1998, -1998, -1997, 1213030, 2196740, 64680
35988, -1998, -1998, -1997, 1746360, 1645350, 145180
36008, -1998, -1998, -1997, 1557010, 1001490, 619570
36028, -1998, -1998, -1997, 1435350, 490000, 1051400
36048, -1998, -1998, -1997, 872340, 368200, 1359120
36068, -1998, -1998, -1997, 462840, 367430, 1487150
36088, -1998, -1998, -1997, 22190, 455770, 1517950
36108, -1998, -1998, -1997, -348460, 620550, 1362340
36128, -1998, -1998, -1997, -566510, 757050, 1157240
36148, -1998, -1998, -1997, -682570, 975240, 836850
36168, -1998, -1998, -1997, -689990, 1133440, 510580
36188, -1998, -1998, -1997, -572040, 1289820, 153720
36208, -1998, -1998, -1997, -361550, 1406370, -186550
36228, -1998, -1998, -1997, -83370, 1426460, -456470
36248, -1998, -1998, -1997, 243670, 1346730, -679700
36268, -1998, -1998, -1997, 545510, 1075830, -785400
36288, -1998, -1998, -1997, 762860, 737450, -835940
36308, -1998, -1998, -1997, 858200, 379890, -871920
36328, -1998, -1998, -1997, 877380, 130900, -1029210
36348, -1998, -1998, -1997, 776370, -92190, -1172080
36368, -1998, -1998, -1997, 612430, -180390, -1363250
36388, -1998, -1998, -1997, 333340, -187740, -1473220
36408, -1998, -1998, -1997, 73570, -192080, -1459780
36428, -1998, -1998, -1997, -147560, -4130, -1457260
36448, -1998, -1998, -1997, -289730, 131460, -1281770
36468, -1998, -1998, -1997, -300300, 419860, -1195250
36488, -1998, -1998, -1997, -203560, 672560, -1062880
36508, -1998, -1998, -1997, 50680, 940800, -984970
36528, -1998, -1998, -1997, 431690, 1100960, -903140
36548, -1998, -1998, -1997, 867650, 1146320, -772450
36568, -1998, -1998, -1997, 1240050, 946120, -439740
36588, -1998, -1998, -1997, 1572130, 723170, -90370
36608, -1998, -1998, -1997, 1659490, 493150, 360080
36628, -1998, -1998, -1997, 1540420, 376810, 912870
36648, -1998, -1998, -1997, 1208270, 517930, 1507940
36668, -1998, -1998, -1997, 667730, 979790, 1921570
36688, -1998, -1998, -1997, 11200, 1694840, 1815380
36708, -1998, -1998, -1997, -271600, 2221940, 1237390
36728, -1998, -1998, -1997, 300720, 2293480, 435610
36748, -1998, -1998, -1997, 1267490, 2286830, 59220
36768, -1998, -1998, -1997, 1894690, 1950270, 585970
36788, -1998, -1998, -1997, 1796340, 1566180, 1292970
36808, -1998, -1998, -1997, 1019130, 1527820, 2013200
36828, -1998, -1998, -1997, 336980, 1887830, 1995000
36848, -1998, -1998, -1997, -91700, 2268630, 1232560
36868, -1998, -1998, -1997, 331800, 2293480, 379260
36888, -1998, -1998, -1997, 1253490, 2249450, -133070
36908, -1998, -1998, -1997, 1834280, 1665510, 89740
36928, -1998, -1998, -1997, 1874810, 854910, 564200
36948, -1998, -1998, -1997, 1493380, 363720, 1088360
36968, -1998, -1998, -1997, 973140, 332010, 1383480
36988, -1998, -1998, -1997, 475580, 338940, 1640380
37008, -1998, -1998, -1997, -10290, 660310, 1583470
37028, -1998, -1998, -1997, -384230, 891660, 1411200
37048, -1998, -1998, -1997, -582260, 1273580, 1012200
37068, -1998, -1998, -1997, -354830, 1764770, 57050
37088, -1998, -1998, -1997, 2520, 1820210, -328160
37108, -1998, -1998, -1997, 530600, 1605380, -553700
37128, -1998, -1998, -1997, 921340, 1207850, -629510
37148, -1998, -1998, -1997, 1127770, 686000, -608370
37168, -1998, -1998, -1997, 1185310, 207760, -609280
37188, -1998, -1998, -1997, 1138760, -164500, -729400
37208, -1998, -1998, -1997, 994210, -445690, -894600
37228, -1998, -1998, -1997, 763070, -544950, -1119720
37248, -1998, -1998, -1997, 467040, -572600, -1256290
37268, -1998, -1998, -1997, 222740, -435330, -1420790
37288, -1998, -1998, -1997, -61600, -310870, -1371510
37308, -1998, -1998, -1997, -215530, -53620, -1325100
37328, -1998, -1998, -1997, -281890, 171710, -1139530
37348, -1998, -1998, -1997, -224840, 526610, -1052520
37368, -1998, -1998, -1997, -66850, 794990, -882910
37388, -1998, -1998, -1997, 283710, 1048600, -831460
37408, -1998, -1998, -1997, 683410, 1140370, -727440
37428, -1998, -1998, -1997, 1143100, 1016610, -504210
37448, -1998, -1998, -1997, 1468040, 794080, -202230
37468, -1998, -1998, -1997, 1648430, 518560, 200550
37488, -1998, -1998, -1997, 1573040, 363090, 727510
37508, -1998, -1998, -1997, 1310190, 454930, 1303820
37528, -1998, -1998, -1997, 814730, 829850, 1808870
37548, -1998, -1998, -1997, 171080, 1547910, 1837080
37568, -1998, -1998, -1997, -269150, 2125550, 1436610
37588, -1998, -1998, -1997, 164570, 2291450, 588490
37608, -1998, -1998, -1997, 1035860, 2293410, 85680
37628, -1998, -1998, -1997, 1889160, 2104270, 475370
37648, -1998, -1998, -1997, 1988700, 1688400, 1206170
37668, -1998, -1998, -1997, 1184260, 1578290, 2023700
37688, -1998, -1998, -1997, 396410, 1901410, 2117710
37708, -1998, -1998, -1997, -95480, 2270030, 1283030
37728, -1998, -1998, -1997, 323470, 2293480, 373590
37748, -1998, -1998, -1997, 1316840, 2271780, -184170
37768, -1998, -1998, -1997, 1891050, 1693860, 151130
37788, -1998, -1998, -1997, 1866620, 899290, 687470
37808, -1998, -1998, -1997, 1391250, 446390, 1269730
37828, -1998, -1998, -1997, 805490, 487340, 1540910
37848, -1998, -1998, -1997, 261030, 560000, 1712830
37868, -1998, -1998, -1997, -224070, 917770, 1519770
37888, -1998, -1998, -1997, -534660, 1130080, 1216040
37908, -1998, -1998, -1997, -612010, 1489600, 712250
37928, -1998, -1998, -1997, -510230, 1677620, 245700
37948, -1998, -1998, -1997, -143570, 1818040, -243390
37968, -1998, -1998, -1997, 285530, 1698480, -555100
37988, -1998, -1998, -1997, 764890, 1344700, -681940
38008, -1998, -1998, -1997, 1036840, 838180, -701330
38028, -1998, -1998, -1997, 1151430, 367500, -721910
38048, -1998, -1998, -1997, 1144990, -28210, -802200
38068, -1998, -1998, -1997, 1023680, -311150, -956130
38088, -1998, -1998, -1997, 825300, -456470, -1157660
38108, -1998, -1998, -1997, 575540, -512050, -1294230
38128, -1998, -1998, -1997, 307440, -348740, -1467480
38148, -1998, -1998, -1997, 52920, -247940, -1433740
38168, -1998, -1998, -1997, -148680, 560, -1381940
38188, -1998, -1998, -1997, -193760, 211190, -1236130
38208, -1998, -1998, -1997, -155400, 532420, -1131200
38228, -1998, -1998, -1997, 14840, 812700, -1005550
38248, -1998, -1998, -1997, 350490, 1006810, -914830
38268, -1998, -1998, -1997, 723100, 1068480, -786520
38288, 1094, 1997, -1997, 1148000, 937720, -571270
38308, -1998, -1783, -1997, 1298010, 1132460, 49280
38328, -1998, 983, -1997, -737660, 2200590, 1928920
